Video ID,Video Text Create Timestamp,Video Description Text Segments 1,Video Description Text Segments 2,Video Description Text Segments 3,Video Description Text Segments 4,Video Description Text Segments 5,Video Description Text Segments 6,Video Description Text Segments 7,Video Description Text Segments 8,Video Description Text Segments 9,Video Description Text Segments 10,Video Description Text Segments 11,Video Description Text Segments 12,Video Description Text Segments 13,Video Description Text Segments 14,Video Description Text Segments 15,Video Description Text Segments 16,Video Description Text Segments 17,Video Description Text Segments 18,Video Description Text Segments 19,Video Description Text Segments 20,Video Description Text Segments 21,Video Description Text Segments 22,Video Description Text Segments 23,Video Description Text Segments 24,Video Description Text Segments 25,Video Description Text Segments 26,Video Description Text Segments 27,Video Description Text Segments 28,Video Description Text Segments 29,Video Description Text Segments 30,Video Description Text Segments 31,Video Description Text Segments 32,Video Description Text Segments 33,Video Description Text Segments 34,Video Description Text Segments 35,Video Description Text Segments 36,Video Title Text Segments 1,Video Text Update Timestamp
UvjeWcaDIiM,2023-02-28T08:59:54.815735+00:00,"The title reference is to the Rockwell song featuring Michael Jackson. This cheered me up yesterday. The video is a screen capture of the start of the weekly CNN show available only as a podcast from Sunday, February 26, 2023. The smile on Fareed’s face when he says “Let’s get started” is worth checking out on the iTunes video episode to be posted later this week. The two references are at the following times in the clip: ",0:30, and ,7:31,".

NB, the phrase let’s get started is a favorite start of lecture introduction for freshman CS majors at the University of Illinois at Urbana-Champaign circa 2005. See, for example, the following to complete the picture: 

» ",https://archive.org/details/uiuc_cs225_spring_2002_202107," (Internet Archive collection:  UIUC CS225 - Spring 2002 by Jason Zych)

This video was initially posted as unlisted from a honeymoon suite in Florida while slurping on Mountain Dew, cursing at script kiddies and archiving recent records online. In memoriam of the OpenWall (with Mexico). All this madness must end this decade (this time around). Never (ever) again! And Free Kevin:

» ",https://youtu.be/kauCzrwGk6A," (YouTube video reference: kauCzrwGk6A)
» ",https://postimg.cc/VShTCx4c,"    🍀🍀🍀
» ",https://postimg.cc/T5cwH35m,"  📞
» ",https://postimg.cc/mh00g1g2,"
» ",https://postimg.cc/PCjZTHpF,"
» ",https://postimg.cc/Rq1N0XpF,"
» ",https://postimg.cc/56jLnpcn,"      💐
» ",https://postimg.cc/crjYjY0Z,"       🌻

Thank you, Fareed, very much for the sincerely kind gesture. Miss Vanderbilt Cooper's son is conspicuous in the zipped archives linked in the next post. Apparently, pigs can fly:

» ",https://github.com/maxieds/ChameleonMiniLiveDebugger/issues/26#issuecomment-1267903486," (GitHub maxieds/ChameleonMiniLiveDebugger issue #26 comment reference: 1267903486) 

It's good to know CNN is freely covering topical events in real time again. I'm trying to stay positive looking forward to the election in 2024.

» ",https://postimg.cc/06tTk6hZ,"
» ",https://postimg.cc/3yjvdcpJ,"
» ",https://postimg.cc/mPw5KBkR,"
» ",https://postimg.cc/pmBn8XVw,"
» ",https://postimg.cc/RNBjWpHW,"
» ",https://postimg.cc/9rWYpxDR,Fareed Zakaria GPS on CNN | 2023.02.26 - Somebody’s watching me - Let’s get started - Audio only,2023-08-10T03:45:09.466584+00:00
Rmmm4oraikM,2023-03-08T16:37:31.272435+00:00,,,,,,,,,,,,,,,,,,,,,,,,,,,,,,,,,,,,,Teenage Mutant Ninja (US-Non-USA) iPad | 2023.03.06 - Weird Password Settings - Screen Capture,2023-08-09T18:32:23.576636+00:00
fYC8V36xPBQ,2023-03-08T16:44:20.385689+00:00,,,,,,,,,,,,,,,,,,,,,,,,,,,,,,,,,,,,,Teenage Mutant Ninja (US-Non-USA) iPad | 2023.03.06 - Account Recovery Settings - Screen Capture,2023-08-10T06:26:58.446341+00:00
MckiHpMgz2E,2023-03-08T16:47:38.414784+00:00,,,,,,,,,,,,,,,,,,,,,,,,,,,,,,,,,,,,,Teenage Mutant Ninja (US-Non-USA) iPad | 2023.03.07 - Apple TV Channel Settings - Screen Capture,2023-08-09T21:46:37.13964+00:00
wgmrxSrVc-0,2023-03-08T17:05:00.153364+00:00,,,,,,,,,,,,,,,,,,,,,,,,,,,,,,,,,,,,,Teenage Mutant Ninja (US-Non-USA) iPad | 2023.03.06 - Unusual AppleID Settings - Screen Capture,2023-08-11T00:10:07.286623+00:00
9qlm3iMBquU,2023-03-08T19:21:49.426471+00:00,,,,,,,,,,,,,,,,,,,,,,,,,,,,,,,,,,,,,Teenage Mutant Ninja (US-Non-USA) iPad | 2023.03.06 - Analytics + Hidden Data - Screen Capture,2023-08-10T04:03:19.831548+00:00
zZZ4_nKT0pU,2023-03-08T21:15:50.858649+00:00,,,,,,,,,,,,,,,,,,,,,,,,,,,,,,,,,,,,,Teenage Mutant Ninja (US-Non-USA) iPad | 2023.03.07 - Suspicious Daily Website Data - Screen Capture,2023-08-11T08:48:51.856508+00:00
Xv7nA4ZaYrQ,2023-03-11T00:27:29.291835+00:00,,,,,,,,,,,,,,,,,,,,,,,,,,,,,,,,,,,,,Casper Wyoming - Yellowstone - Selected Safari Brochure Collection Contents,2023-08-09T21:58:14.266031+00:00
ELUBrhKiGGs,2023-03-11T00:30:26.565843+00:00,,,,,,,,,,,,,,,,,,,,,,,,,,,,,,,,,,,,,"Legal Docs & Records - Highlands Personal Records Folder - From Imprisonment in Denver, COL",2023-08-11T15:06:50.765622+00:00
AcG4gs7PDvs,2023-03-11T00:32:25.09035+00:00,,,,,,,,,,,,,,,,,,,,,,,,,,,,,,,,,,,,,Sandia National Labs (Albuquerque) - New Employee Passport Leaflet - Training and Orientation,2023-08-11T12:10:26.76304+00:00
ohmgatcPluE,2023-03-11T00:35:27.51247+00:00,,,,,,,,,,,,,,,,,,,,,,,,,,,,,,,,,,,,,Sandia National Labs (Albuquerque) - Welcome to Sandia Booklet - Training and Orientation,2023-08-10T05:58:19.701178+00:00
aCzFSygSmbU,2023-03-11T00:40:55.543427+00:00,,,,,,,,,,,,,,,,,,,,,,,,,,,,,,,,,,,,,Sandia National Labs (Albuquerque) - Employee Onboarding Benefits Booklet - Training and Orientation,2023-08-10T09:39:24.127799+00:00
bWcNSNAH2pQ,2023-03-11T00:42:07.883957+00:00,Second copy of the video recorded with my backdoored IPad with US (non USA) South American hardware and firmware.,,,,,,,,,,,,,,,,,,,,,,,,,,,,,,,,,,,,Sandia National Labs (Albuquerque) - Employee Onboarding Benefits Booklet - Training and Orientation,2023-08-09T23:18:50.446122+00:00
pCqiKJjO5fA,2023-03-11T00:37:50.75687+00:00,,,,,,,,,,,,,,,,,,,,,,,,,,,,,,,,,,,,,"Legal Docs & Records - Summary Packet - Compiled in Denver, COL",2023-08-10T20:44:29.925459+00:00
DWc2vvf1fsM,2023-03-11T03:02:35.499525+00:00,"This conversation appears much differently (truncated, softened) than the original on my Moto Droid. Then again, CH made allusion to her GTFold library version (cf. OpenWall Tesla car video with the OSS licenses reference) and had Jeff Lagarias living in her house as my JNT article referee and someone who wanted me to put my mom's native American heritage on ancestry.com after questioning it on my postdoc applications the weekend (Saturday night before) my mom went into hospice in April 2022. Also, a link to a suicide prevention line?",,,,,,,,,,,,,,,,,,,,,,,,,,,,,,,,,,,,Slack Conversation with Christine Heitsch - Albuquerque,2023-08-11T15:43:02.92329+00:00
GrzQtyKhTc0,2023-03-15T17:17:52.021294+00:00,,,,,,,,,,,,,,,,,,,,,,,,,,,,,,,,,,,,,Teenage Mutant Ninja (US-Non-USA) iPad | 2023.03.07 - Analytics + Hidden Data - Screen Capture,2023-08-09T20:49:46.217721+00:00
cr2unkpp2Bc,2023-03-18T02:22:50.68291+00:00,,,,,,,,,,,,,,,,,,,,,,,,,,,,,,,,,,,,,Tracing OpenWall History - Restricted Google Timeline - Odditites and Inconsistent Location Data,2023-08-10T10:01:19.283878+00:00
c9D2SMcfOaY,2023-03-26T00:57:04.592961+00:00,"This type of behavior is typical of the Archive.org servers operating on the darkweb south of the USA, North America, Earth border with Mexico. The behavior persists in instances shown in the video of a public/DARPA Internet network connection recorded in Florida, USA (not US), North America, Earth. This stance from what is usually viewed as the LONE, even ONLY (SOLE), resource to view old archived website data long since lost to time, or otherwise, redacted from the historical record by assholes with nothing but malicious intent. 

Other example of this insanity getting exploited include:

(1) The broken image (thumbnails and larger sizes) of the faculty photos for one time celebrity CS@UIUC lecturer, Jason Zych, from the old cs.uiuc.edu (cs DOT uiuc DOT edu DNS records). There was a memorable one showing more than one persona's photograph of active lecturers in rotation for the introductory CS programming sequence (CS125 and CS225) - taken around 2006 and visible on the web as late as the fall of 2007. NB, the 2002 Rose Award photo of him in a suit changed over the years as well. This is not the memorable man that hand delivered his top notch CS125 lecture notes in batches to the local UIUC TIS Bookstore printing press for students to read in print four times a semester. :( The following is a cache of the only non-broken thumbnail of that site available circa 2020 (I had to dig hard to find it too): 

",https://github.com/maxieds/ThrowingSomeOldBitsIntoAHoleOnGitHub/blob/master/HiMyNameIsLuckyHiLucky/zych.jpeg," (GitHub - maxieds - ThrowingSomeOldBitsIntoAHoleOnGitHub - Files listing for ""zych.jpeg"")

(2) The (in)famous hacker, Lucky225, had a photograph of himself as a teenager sitting next to an older 80's era Unix desktop. He worked on software that focused on XWindows, not telephone and phone phreaking tactics. This was Jason Zych as a teenage man (from experience), For nice guy type bragging rights, he appeared next to Kevin Mitnick in the 2600 Hacker Quarterly / Magazine editors listing in 2005. Was this his way of asking me on a date convincingly? Think about it...

(3) Cf. the incessantly malleable search results indexed by Google and a few copies I stashed online to preserve the data in the media/uploads files listed in the following release notes: 

",https://github.com/maxieds/GEyesThemes/releases/tag/Codename-BackOrifice53, (GitHub - maxieds - GEyesThemes - Releases - BackOrifice53),,,,,,,,,,,,,,,,,,,,,,,,,,,,,,,,"Archive.org - Internet Wayback Machine - Selectively Prunes Useful, but Sensitive Data in Captures",2023-08-10T11:01:57.372412+00:00
cqelAXiafHc,2023-03-26T01:25:39.605992+00:00,"This type of behavior is typical of the Archive.org servers operating on the darkweb south of the USA, North America, Earth border with Mexico. The behavior persists in instances shown in the video of a public/DARPA Internet network connection recorded in Florida, USA (not US), North America, Earth. This stance from what is usually viewed as the LONE, even ONLY (SOLE), resource to view old archived website data long since lost to time, or otherwise, redacted from the historical record by assholes with nothing but malicious intent. 

Other example of this insanity getting exploited include:

(1) The broken image (thumbnails and larger sizes) of the faculty photos for one time celebrity CS@UIUC lecturer, Jason Zych, from the old cs.uiuc.edu (cs DOT uiuc DOT edu DNS records). There was a memorable one showing more than one persona's photograph of active lecturers in rotation for the introductory CS programming sequence (CS125 and CS225) - taken around 2006 and visible on the web as late as the fall of 2007. NB, the 2002 Rose Award photo of him in a suit changed over the years as well. This is not the memorable man that hand delivered his top notch CS125 lecture notes in batches to the local UIUC TIS Bookstore printing press for students to read in print four times a semester. The following is a cache of the only non-broken thumbnail of that site available circa 2020 (I had to dig hard to find it too - some men underestimate the abilities of a determined, strong willed pissed off bitch, or woman more politely from them - classic discussion with the lecturer onboard moved over time to: 'I did not say bitch.', 'No I said bitch and you repeat!', fwtw): 

",https://github.com/maxieds/ThrowingSomeOldBitsIntoAHoleOnGitHub/blob/master/HiMyNameIsLuckyHiLucky/zych.jpeg," (GitHub - maxieds - ThrowingSomeOldBitsIntoAHoleOnGitHub - Files listing for ""zych.jpeg"")

(2) The (in)famous hacker, Lucky225, had a photograph of himself as a teenager sitting next to an older 80's era Unix desktop. He worked on software that focused on XWindows, not telephone and phone phreaking tactics. This was Jason Zych as a teenage man (from experience), For nice guy type bragging rights, he appeared next to Kevin Mitnick in the 2600 Hacker Quarterly / Magazine editors listing in 2005. Was this his way of asking me on a date convincingly? Think about it...

(3) Cf. the incessantly malleable search results indexed by Google and a few copies I stashed online to preserve the data in the media/uploads files listed in the following release notes: 

",https://github.com/maxieds/GEyesThemes/releases/tag/Codename-BackOrifice53, (GitHub - maxieds - GEyesThemes - Releases - BackOrifice53),,,,,,,,,,,,,,,,,,,,,,,,,,,,,,,,"Archive.org - Internet Wayback Machine - Selectively Prunes Useful, but Sensitive Data in Captures 2",2023-08-11T14:12:28.852854+00:00
8QGSor0H8jc,2023-03-26T04:08:19.944346+00:00,"Bad dog, stupid human! Fuck these Goddamn morons for thinking that this non-technical, nonsensical bullshit will fly. This reflects the sudoers warning from sysadmins taken up an order of magnitude of eleven. 

NB, fixing the Unix/SysV-Style default file chooser dialog for humans who like well (enough) enumerated paths and location trails of breadcrumbs back should our personal data lead us astray, suck it Zuckerberg, is not that hard - modulo shitty dated implementations of things like RecyclerView containers and scrolling behavior conveniently not yet updated to modern hardware standards under the latest (release numbered 29+) AndroidOS/SDK/APIs. It has been done in Asia using my ideas and verbose ranting about the situation. The often cited developer wrote their implementation in the Kotlin scripting language that comes along with piss-poor, substandard documentation of the form for Google's favorite Gradle-ORG build script mechanism bundled with Android Studio. A respectable attempt to roll one's own can be coded and debugged and well documented in 2-3 weeks on a painful UTI. It is totally doable quickly completing a doctoral degree in another area. What the Hell do Eric (Trump) Schmidt and company really believe they are getting away with the year after BugTraq retreated home after archiving itself to flee the galaxy with a raised finger to the world left behind in marked alien disgust?

",https://github.com/maxieds/AndroidFilePickerLight," (GitHub - maxieds - AndroidFilePickerLight project)

FUCK, FUCK, FUCK, FUCK these idiots. Useless, stupid, fuck-face moron!! STILL TOO SMALL TO PLAY FOOTBALL!!! G-d (e.g., computer system root) privileges are earned, minimally by meritocracy, not because your stupid, inbred cocaine addict parents neglected to beat that shit of you long ago to teach you the concept we (the rest of us, mortal humans) understand as a fundamental limitation loosely termed: 'NO!'

Why the fucking Hell is this acceptable when there have been so many generations so far aware of all this and even active participants in all this ritualistic, nonsensical game playing and bullshit just for the thrill of killing another (wo)man, or living soul? The billionaire terminology is a sick reference to spiritual cash flow. We are at war as human beings. FOAD, assholes!!!

Highlands (federal prison) in Denver, COL incidents of me screaming at men in the middle of the night boil down to the following quote. I did not contemplate the remark thoughtfully in premeditation, nor know precisely where the logic came from unto me in my head (big stressed human brain). They took pause at the utterance before forgetting the spiritual death threat on their lives. Much like reservations to physically approach me in a Tesla with my docile, sweet, good natured cat being we call Kush:

Jesus Christ! COME ON DOWN!! THE PRICE IS RIGHT!!!

[Da-da-da, queued game show theme music is inappropriate for the cinematic conclusion - Oh, no - Betty Boop has opinions - dicks will roll on her menstrual cycle thus month - Yay, yay, indeed.]

[Ask Marilyn Manson, legal name Brian Warner, how Hitler died. He proposed an under explained modification he found suitable for himself in pop-culture print magazines of the late 1990's. Recently declassified in the USA due to popular stupidity Greed.]",,,,,,,,,,,,,,,,,,,,,,,,,,,,,,,,,,Incompetence as a Software Engineer - Script Kiddies to Rule the World is Unacceptable - Kill Em All,2023-08-10T14:39:48.795854+00:00
KA4z9NV9FOQ,2023-03-26T08:29:35.8651+00:00,"This is clearly longterm GENOCIDE: a wax museum filled with Satanic devil worshipping nazis, including first names and the shocking figure of 3B crayons (women) to 700M markers (intellectual / male liberals). Cf.,

",https://github.com/maxieds/GEyesThemes/tree/master/Green-EyedGirl," (Github - maxieds - GEyesThemes - Green Eyed Girl file set),

and all the witch and broom flying references around my house growing up (SJSS is an angel in disguise)... If the wife is G-d, then must that surely make me? Gets abbreviated to pissed off distant stare on the porch with the notification 'the wife is god'. Acting lesson (I recall): [Thai] Hooker-rrrr-s [Erm, clarifies, girlfriends]? You pay women a salary to have sex with you on Earth? I hadn't heard about that yet.

This situation is nothing more complicated than biblical good versus evil predictions. G-d will do it... 

WWGD ? BOOM-ASSHOLE (Father Don in 'Nam) : What Would G-d Do;

Kill Hitler. FUCK these MEN!!!",,,,,,,,,,,,,,,,,,,,,,,,,,,,,,,,,,"Why bother to write this down -  Accurately conveys the attitude of terrorists - Genocide, mysogyny",2023-08-10T13:29:02.302029+00:00
KIH44WOSda0,2023-03-26T08:29:10.616763+00:00,"This is clearly longterm GENOCIDE: a wax museum filled with Satanic devil worshipping nazis, including first names and the shocking figure of 3B crayons (women) to 700M markers (intellectual / male liberals). Cf.,

",https://github.com/maxieds/GEyesThemes/tree/master/Green-EyedGirl," (Github - maxieds - GEyesThemes - Green Eyed Girl file set),

and all the witch and broom flying references around my house growing up (SJSS is an angel in disguise)... If the wife is G-d, then must that surely make me? Gets abbreviated to pissed off distant stare on the porch with the notification 'the wife is god'. Acting lesson (I recall): [Thai] Hooker-rrrr-s [Erm, clarifies, girlfriends]? You pay women a salary to have sex with you on Earth? I hadn't heard about that yet.

This situation is nothing more complicated than biblical good versus evil predictions. G-d will do it... 

WWGD ? BOOM-ASSHOLE (Father Don in 'Nam) : What Would G-d Do;

Kill Hitler. FUCK these MEN!!!",,,,,,,,,,,,,,,,,,,,,,,,,,,,,,,,,,"Why bother to write this down -  Accurately conveys the attitude of terrorists - Genocide, mysogyny",2023-08-11T08:55:42.801536+00:00
vL1h-Eg4TsU,2023-03-26T08:13:32.768886+00:00,"This is clearly longterm GENOCIDE: a wax museum filled with Satanic devil worshipping nazis, including first names and the shocking figure of 3B crayons (women) to 700M markers (intellectual / male liberals). Cf.,

",https://github.com/maxieds/GEyesThemes/tree/master/Green-EyedGirl," (Github - maxieds - GEyesThemes - Green Eyed Girl file set),

and all the witch and broom flying references around my house growing up (SJSS is an angel in disguise)... If the wife is G-d, then must that surely make me? Gets abbreviated to pissed off distant stare on the porch with the notification 'the wife is god'. Acting lesson (I recall): [Thai] Hooker-rrrr-s [Erm, clarifies, girlfriends]? You pay women a salary to have sex with you on Earth? I hadn't heard about that yet.

This situation is nothing more complicated than biblical good versus evil predictions. G-d will do it... 

WWGD ? BOOM-ASSHOLE (Father Don in 'Nam) : What Would G-d Do;

Kill Hitler. FUCK these MEN!!!",,,,,,,,,,,,,,,,,,,,,,,,,,,,,,,,,,"Why bother to write this down -  Accurately conveys the attitude of terrorists - Genocide, mysogyny",2023-08-09T16:59:23.558109+00:00
rWpEbF1kALo,2023-03-26T10:09:10.633394+00:00,"Mama (me) begins to tell the good neighborhood cats that come around to check on me when I need it that there is a map - Kush has the map - ask Kushy for the map - all cats get the map - we're leaving (the galaxy)?

[Fuck all these assholes and the uni-solar-system construct ... Joe Strummer's taunts at Wozniak and David Lee Roth about 'one white way down the middle if the road' before nailing 'Rock the Casbah' live at the Clash's last concert with Mick Jones in their prime]

Commander Bandit hears about this. He stares at Kush getting some sleep in the sun upstairs in my parents bedroom: 

",#BanditMan," ~ ""Kush? What else were you supposed to tell us when you and Maxie (Mama) got got back?""
",#Kush," ~ Sleepily starts to groom herself, rolls over and thinks about her recollection (free memory space) from our unintentional trip through Hell
",#Kush," ~ ""I need to think about it. Let me take a nap. I'll get back to you""

It is clear what I mean. Look over the video to spot things to hang these despicable assholes early and often. I will adjust the title when the thought(s) occur to me in time.",,,,,,,,,,,,,,,,,,,,,,,,,,,,,,TODO - PROCESSING DEEPLY IN THOUGHT - RPReplay Final1679824504,2023-08-10T08:38:49.13622+00:00
cUgP9vwhR20,2023-03-26T10:09:36.931053+00:00,"Mama (me) begins to tell the good neighborhood cats that come around to check on me when I need it that there is a map - Kush has the map - ask Kushy for the map - all cats get the map - we're leaving (the galaxy)?

[Fuck all these assholes and the uni-solar-system construct ... Joe Strummer's taunts at Wozniak and David Lee Roth about 'one white way down the middle if the road' before nailing 'Rock the Casbah' live at the Clash's last concert with Mick Jones in their prime]

Commander Bandit hears about this. He stares at Kush getting some sleep in the sun upstairs in my parents bedroom: 

",#BanditMan," ~ ""Kush? What else were you supposed to tell us when you and Maxie (Mama) got got back?""
",#Kush," ~ Sleepily starts to groom herself, rolls over and thinks about her recollection (free memory space) from our unintentional trip through Hell
",#Kush," ~ ""I need to think about it. Let me take a nap. I'll get back to you""

It is clear what I mean. Look over the video to spot things to hang these despicable assholes early and often. I will adjust the title when the thought(s) occur to me in time.",,,,,,,,,,,,,,,,,,,,,,,,,,,,,,TODO - PROCESSING DEEPLY IN THOUGHT - RPReplay Final1679821851,2023-08-11T08:32:10.348301+00:00
YXm0pkYXB5s,2023-03-26T16:57:33.903776+00:00,"This is clearly longterm GENOCIDE: a wax museum filled with Satanic devil worshipping nazis, including first names and the shocking figure of 3B crayons (women) to 700M markers (intellectual / male liberals). Cf.,

",https://github.com/maxieds/GEyesThemes/tree/master/Green-EyedGirl," (Github - maxieds - GEyesThemes - Green Eyed Girl file set),

and all the witch and broom flying references around my house growing up (SJSS is an angel in disguise)... If the wife is G-d, then must that surely make me? Gets abbreviated to pissed off distant stare on the porch with the notification 'the wife is god'. Acting lesson (I recall): [Thai] Hooker-rrrr-s [Erm, clarifies, girlfriends]? You pay women a salary to have sex with you on Earth? I hadn't heard about that yet.

This situation is nothing more complicated than biblical good versus evil predictions. G-d will do it... 

WWGD ? BOOM-ASSHOLE (Father Don in 'Nam) : What Would G-d Do;

Kill Hitler. FUCK these MEN!!!",,,,,,,,,,,,,,,,,,,,,,,,,,,,,,,,,,"Why bother to write this down -  Accurately conveys the attitude of terrorists - Genocide, mysogyny",2023-08-11T15:16:19.159441+00:00
WbTFXflBZdo,2023-03-27T05:12:55.341405+00:00,"This is clearly longterm GENOCIDE: a wax museum filled with Satanic devil worshipping nazis, including first names and the shocking figure of 3B crayons (women) to 700M markers (intellectual / male liberals). Cf.,

",https://github.com/maxieds/GEyesThemes/tree/master/Green-EyedGirl," (Github - maxieds - GEyesThemes - Green Eyed Girl file set),

and all the witch and broom flying references around my house growing up (SJSS is an angel in disguise)... If the wife is G-d, then must that surely make me? Gets abbreviated to pissed off distant stare on the porch with the notification 'the wife is god'. Acting lesson (I recall): [Thai] Hooker-rrrr-s [Erm, clarifies, girlfriends]? You pay women a salary to have sex with you on Earth? I hadn't heard about that yet.

This situation is nothing more complicated than biblical good versus evil predictions. G-d will do it... 

WWGD ? BOOM-ASSHOLE (Father Don in 'Nam) : What Would G-d Do;

Kill Hitler. FUCK these MEN!!!",,,,,,,,,,,,,,,,,,,,,,,,,,,,,,,,,,"Why bother to write this down -  Accurately conveys the attitude of terrorists - Genocide, mysogyny",2023-08-11T03:02:30.856979+00:00
yb3yaYjJVeU,2023-03-27T04:57:37.020439+00:00,,,,,,,,,,,,,,,,,,,,,,,,,,,,,,,,,,,,,Sloppy rootkit signs - Not even trying to disguise illicit activities - sign of the times,2023-08-11T03:00:27.474877+00:00
GV-Lg6oBkb0,2023-03-27T04:59:44.244876+00:00,"This is clearly longterm GENOCIDE: a wax museum filled with Satanic devil worshipping nazis, including first names and the shocking figure of 3B crayons (women) to 700M markers (intellectual / male liberals). Cf.,

",https://github.com/maxieds/GEyesThemes/tree/master/Green-EyedGirl," (Github - maxieds - GEyesThemes - Green Eyed Girl file set),

and all the witch and broom flying references around my house growing up (SJSS is an angel in disguise)... If the wife is G-d, then must that surely make me? Gets abbreviated to pissed off distant stare on the porch with the notification 'the wife is god'. Acting lesson (I recall): [Thai] Hooker-rrrr-s [Erm, clarifies, girlfriends]? You pay women a salary to have sex with you on Earth? I hadn't heard about that yet.

This situation is nothing more complicated than biblical good versus evil predictions. G-d will do it... 

WWGD ? BOOM-ASSHOLE (Father Don in 'Nam) : What Would G-d Do;

Kill Hitler. FUCK these MEN!!!",,,,,,,,,,,,,,,,,,,,,,,,,,,,,,,,,,"Why encode this -  Accurately conveys attitude - Genocide, mysogyny - FULL - ME struggling on GHB",2023-08-11T04:46:50.855072+00:00
 -iIdTTlQ6Tk,2023-03-28T18:55:24.222385+00:00,,,,,,,,,,,,,,,,,,,,,,,,,,,,,,,,,,,,,Better video to my ranting without this on another YouTube community - censored there - Fuck Trump,2023-08-11T16:08:19.399472+00:00
U6wAUetq41A,2023-03-28T18:56:58.211285+00:00,"What is with the San Francisco Bay area (airport code SFI in the USA, North America, Earth realm of airports)? Steve Jobs at Brass Ring? Another death threat at me from these morons? The notion of writing me off the psycho babbling loonies list in such a bullshit way, much like kidney deterioration due to fat build up (for slaughter) that turns your insides against yourself, or cancer of one's intestinal fatty reserves (pancreas) which makes no sense as to why these idiots are still around getting up their nerve, is ludicrous, insane to believe mindless nonsense that needs to end here! A short time after a relative in my family that survived the Holocaust was murdered in a useless way, and 2012 as an end of the Mayan calendar when useless, stupid evil assholes are the most actively feeding on the living, this came for me and my immediate family. FUCK YOU FOR THE ALL THE STUPIDITY, AND NONSENSE AND THE BULLSHIT TOLL ADDING UP TO A COLLECTION OF OUR TAB OVER THE YEARS... Capiche, cupcakes?

Bono and and the BritPop invasion's publicized royal incompetence, ignorance about the fate of 'safari' adventures and the sick realities of cancer and HIV (really sick radiation exposure cooking humans suffering alive with kiln hardening injections in nuclear holocaust epochs) are disturbing:

This is a favored highlight memory of U2's tour through Hell killing the Jews, the xxx, with the burning Tesla pyres I saw down in Casper WY. Can we expedite this grueling bullshit stopping now? Kill these assholes and the biggest players responsible for international human traffick to save innocent suffering lives?

",https://youtu.be/EM4vblG6BVQ,"

There is a lot more to point out. ALLmedia to remain perpetually free access in the public domain soon enough. 

Hitler came inside last night in cockroach form. Ran away in Atlanta, drove off speeding away scared shitless by the one Nazi Killer reference in ABQ. KILL HITLER. NO FUSS.",,,,,,,,,,,,,,,,,,,,,,,,,,,,,,,,,,Better video to my ranting without this on another YouTube community - censored there - Fuck Trump,2023-08-09T22:23:06.699308+00:00
AzXzxWmclUU,2023-03-28T18:58:01.007336+00:00,,,,,,,,,,,,,,,,,,,,,,,,,,,,,,,,,,,,,YouTube Community Experience on Hacked DarkWeb iPad Purchased while Trapped in Some Safari Game,2023-08-10T01:48:59.622562+00:00
ePHps6ix86g,2023-10-16T16:34:29.903669+00:00,,,,,,,,,,,,,,,,,,,,,,,,,,,,,,,,,,,,,Android Go - EngineerMode hidden app - second version with different configuration settings,2023-10-16T16:34:29.903669+00:00
eelx1kl1MPs,2023-10-16T16:35:36.0428+00:00,,,,,,,,,,,,,,,,,,,,,,,,,,,,,,,,,,,,,Android Go - QR code location based Bluetooth/BLE example,2023-10-16T16:46:05.301697+00:00
LA1b83H9RY8,2023-10-16T16:38:25.898646+00:00,,,,,,,,,,,,,,,,,,,,,,,,,,,,,,,,,,,,,Android Go - ValidationTools hidden app - Tests and demo features,2023-10-16T16:38:25.898646+00:00
k1s-CW4aM7Y,2023-10-16T16:45:09.915121+00:00,,,,,,,,,,,,,,,,,,,,,,,,,,,,,,,,,,,,,Android Go - Preinstalled system and user apps overview with the default Settings app,2023-10-16T16:45:09.915121+00:00
MRKLXrbw_UQ,2023-10-16T16:42:51.675249+00:00,,,,,,,,,,,,,,,,,,,,,,,,,,,,,,,,,,,,,Android Go - Preinstalled system certificate data,2023-10-16T16:42:51.675249+00:00
oNl1XLG9-sc,2023-10-16T16:37:12.548172+00:00,,,,,,,,,,,,,,,,,,,,,,,,,,,,,,,,,,,,,Android Go - SGPS hidden app - Satellite configuration and connection controls installed by default,2023-10-16T16:37:12.548172+00:00
gwxfJ1nirnI,2023-10-16T16:43:56.652005+00:00,,,,,,,,,,,,,,,,,,,,,,,,,,,,,,,,,,,,,Android Go - MobileServices hidden app,2023-10-16T16:43:56.652005+00:00
2FwRucWG81c,2023-10-16T16:31:37.033072+00:00,,,,,,,,,,,,,,,,,,,,,,,,,,,,,,,,,,,,,Android Go - Hidden YLog app,2023-10-16T16:31:37.033072+00:00
Q_QdVfYnLmI,2023-10-16T16:39:34.463994+00:00,Check out the lists and associated countries of the operators in the video. There are a few places where the list is recorded with some subtle differences. Where else (aside from USA) is this type of software running in the default install of the new Android Go systems running? Can we use this data to F-up the terrorists abroad? Not my area...,,,,,,,,,,,,,,,,,,,,,,,,,,,,,,,,,,,,Android Go - Unusual database listings for (GSM) mobile carrier configuration,2023-10-16T16:41:44.780168+00:00
fc0i4g1VGwo,2023-10-16T16:33:03.491115+00:00,,,,,,,,,,,,,,,,,,,,,,,,,,,,,,,,,,,,,Android Go - EngineerMode hidden app,2023-10-16T16:33:03.491115+00:00
DlZ_ZqbEupE,2023-10-20T18:10:09.025826+00:00,,,,,,,,,,,,,,,,,,,,,,,,,,,,,,,,,,,,,"EGD audio - Chicago - September 25, 2023",2023-10-20T18:10:09.025826+00:00
tXKOwefI10s,2023-10-27T15:01:51.428348+00:00,,,,,,,,,,,,,,,,,,,,,,,,,,,,,,,,,,,,,"AI related ipad observations - Pissing my off my cat, Barack Obama, Satan and the Lord Jesus, et.al.",2023-10-27T15:03:23.33159+00:00
0B8Gvd9kt_8,2023-10-27T15:30:17.821111+00:00,"Documents sudden network changes and delays while the owner (whose precise location, identity and contact information are not provided to me) scrambles to figure out how to prevent dissemination of this type of heuristic data about the big bad things that he and daddy want to do with their half-assed, amateur deployments of professional (not necessarily off the hook here) software researching these topics.",,,,,,,,,,,,,,,,,,,,,,,,,,,,,,,,,,,,Panic on the darkweb!,2023-10-27T15:30:17.821111+00:00
xIgAjM2KwzA,2023-10-27T15:31:09.448435+00:00,,,,,,,,,,,,,,,,,,,,,,,,,,,,,,,,,,,,,"NOKIA 139DL (non-USA), or 2760, model phone boot and logged system data running modified firmware",2023-10-27T15:31:49.40587+00:00
nrNHOxt2S7g,2023-10-27T16:26:50.002444+00:00,,,,,,,,,,,,,,,,,,,,,,,,,,,,,,,,,,,,,Tip of the hat back at Lucky225 and Kevin - We all appreciate and understand IT'S LENNY!!! AHHH!,2023-10-27T16:26:50.002444+00:00
mkX9W3I2qgM,2023-10-27T16:23:22.461528+00:00,,,,,,,,,,,,,,,,,,,,,,,,,,,,,,,,,,,,,Amazon website unusual Fresh items discounts - Similar concerns to TEMU and darkweb merchandise srcs,2023-10-27T16:23:22.461528+00:00
Tk2mkPI4sK4,2023-10-27T16:27:23.767879+00:00,,,,,,,,,,,,,,,,,,,,,,,,,,,,,,,,,,,,,Github is darkweb moderated on its backend - Telltale signs of data hiding files from 2019-2022,2023-10-27T16:28:25.650739+00:00
ZHPSsfFsmu0,2023-10-27T16:24:38.906929+00:00,,,,,,,,,,,,,,,,,,,,,,,,,,,,,,,,,,,,,"Technically off-topic - thwart all work, no play iterations - Gremlins and the Ramones on X-Mas",2023-10-27T16:25:40.762673+00:00
NWJIYv14aH8,2023-11-06T21:25:23.11608+00:00,"Video prompting the recording: vid=tXKOwefI10s, plist=PLKuEX1pHu60ora2BpfYO6qsQENGbe02MC,link=https://m.youtube.com/watch?v=tXKOwefI10s&list=PLKuEX1pHu60ora2BpfYO6qsQENGbe02MC&index=46&t=4s&pp=gAQBiAQB

References to the incident elsewhere: link=https://github.com/maxieds/public-file-stashes/PROJECT.md,desc=GitHub:maxieds:public-file-stashes:PROJECT.md

We are experiencing an apparent cyber attack in Chicago. Trump is on trial in Atlanta this week. Let's just all call out Elon Musk and company for what they really are: (domestic) terrorists. The 820 AM talk radio pointed out that Saudi Arabia had backed the funding of Musk's purchase of Twitter in October of 2022 for about 1B/USD (same day I was SMS messaging with Liz Cheney under observation on a hacked cell phone due to Zack/X-unpronouncable Musk and the same afternoon Paul Pelosi was murdered in his CA mansion). If you listen to 2600 Off the Hook podcasts from this summer, the reason seems to be to change the Twitter/X company policies legally and move it's HQ to Regan's Northern California to prevent direct message (Twitter DMs) communications and other Twitter artifacts from being used against Trump in court. Prior to that, obtaining these records from a third party source (like a private investigator or hacker) would have been permissible. Trump was caugh red handed for the worst of the violence from January 6-15, 2021 - dick slammed tight shut playing in the cookie jar. I still believe that the iOS Fox News app and Apple Watch data will have revealing stuff in it. N.B., Ms. Cheney was warned to keep immaculate SMS/text message logs of our exchanges, which included multimedia and file attachments, after I realized through my Google News feed what had happened to Paul Pelosi. A crude, but adequately archived version of the Friday/Twitter buyout day SMS exchange is online (including) here: link=https://postimg.cc/gallery/S4qyr6gF,desc=postimg-dot-cc:gallery:S4qyr6gF

Here are some Dot-App-TLD names I want to work that can be registered for resolution (see deep link classifications) with Google approval:
* DontPissMamaOffToday.app
* FreeKevinFuckTrump.app",,,,,,,,,,,,,,,,,,,,,,,,,,,,,,,,,,,,Darkweb tethered ipad internet connection oddities day of posting video of its AI centric App Store,2023-11-06T21:25:23.11608+00:00
bX04LbOJMsk,2023-11-11T17:55:59.498075+00:00,,,,,,,,,,,,,,,,,,,,,,,,,,,,,,,,,,,,,Yellowstone National Park 2022 - Print artifacts,2023-11-11T17:55:59.498075+00:00
Lgb-ny12OTY,2023-11-11T18:14:47.587669+00:00,,,,,,,,,,,,,,,,,,,,,,,,,,,,,,,,,,,,,AndroidGo - New OS features - Screen recording of external rootfs directories mounted elsewhere,2023-11-11T18:14:47.587669+00:00
uLjfCYiwVtk,2023-11-20T22:20:31.662977+00:00,,,,,,,,,,,,,,,,,,,,,,,,,,,,,,,,,,,,,Darkweb (MDM) iPad - Legal notices and logging oddities - In an era of ChimeraX - Fear no evil,2023-11-20T22:20:56.972106+00:00
x7VslKmnGtg,2023-11-20T22:23:58.016126+00:00,,,,,,,,,,,,,,,,,,,,,,,,,,,,,,,,,,,,,Darkweb (MDM) iPad - Xplore/aXis/linX/matriX audio implants - In an era of ChimeraX - Fear no evil,2023-11-20T22:24:35.927115+00:00
cwJhPRlyLa8,2023-11-20T22:25:05.117494+00:00,,,,,,,,,,,,,,,,,,,,,,,,,,,,,,,,,,,,,Darkweb (MDM) iPad - Analytics and app linkage II - In an era of ChimeraX - Fear no evil,2023-11-20T22:26:18.550421+00:00
_j2068NZg8E,2023-11-20T22:46:51.382074+00:00,,,,,,,,,,,,,,,,,,,,,,,,,,,,,,,,,,,,,AndroidGo BLU phone - Documents insane babbling loonies I - In an era of ChimeraX - Fear no evil,2023-11-20T22:47:41.574267+00:00
MFjEuRg3KEo,2023-11-22T01:03:08.587291+00:00,,,,,,,,,,,,,,,,,,,,,,,,,,,,,,,,,,,,,AndroidGo BLU phone - Documents insane babbling loonies XXXXXIV - An era of ChimeraX - Fear no evil,2023-11-22T01:03:08.587291+00:00
XBoihBDOTMY,2023-11-20T22:48:08.801771+00:00,,,,,,,,,,,,,,,,,,,,,,,,,,,,,,,,,,,,,AndroidGo BLU phone - Documents insane babbling loonies II - In an era of ChimeraX - Fear no evil,2023-11-20T22:48:08.801771+00:00
G13HgvY9jkc,2023-11-20T22:48:32.7534+00:00,,,,,,,,,,,,,,,,,,,,,,,,,,,,,,,,,,,,,AndroidGo BLU phone - Documents insane babbling loonies III - In an era of ChimeraX - Fear no evil,2023-11-20T22:48:32.7534+00:00
wSHovtBxT4M,2023-11-20T22:48:56.213248+00:00,,,,,,,,,,,,,,,,,,,,,,,,,,,,,,,,,,,,,AndroidGo BLU phone - Documents insane babbling loonies IV - In an era of ChimeraX - Fear no evil,2023-11-20T22:48:56.213248+00:00
CcRQ-YSZmf0,2023-11-20T22:55:20.287132+00:00,"The battery on this RF device looks a lot like the ChimeraX / AndroidGo images. I posit (should be good on this) that these types of batteries are actually large hidden storage devices. Engineering physics 213 (2004) at UIUC had one good memory nearly 20 years later: a bored TA commenting about ""beandip"" is an explanation for how this type of hard drive is encoded, or may be later recovered with an electron microscope peeling off the data layer-by-layer at a time.",,,,,,,,,,,,,,,,,,,,,,,,,,,,,,,,,,,,AndroidGo BLU phone - Documents insane babbling loonies V.2 - In an era of ChimeraX - Fear no evil,2023-11-20T22:55:20.287132+00:00
lzXvh2HBJsY,2023-11-20T22:55:54.808659+00:00,,,,,,,,,,,,,,,,,,,,,,,,,,,,,,,,,,,,,AndroidGo BLU phone - Documents insane babbling loonies XII - In an era of ChimeraX - Fear no evil,2023-11-20T22:55:54.808659+00:00
xJ6z3Rdo9MQ,2023-11-20T22:57:41.581105+00:00,"vedio123.mp4 file found on the ChimeraX AndroidGo phone unzipping APK files for Droid with com.lonelycatgames.Xplore. This was flagged for me after changing my encoding to Russian (identity to a Bolshevik temperament Russian on the darkweb). It must have some important interpretations or hidden data in it. N.b., telling an a-shole in Yellowstone National Park, South America, Earth that you're Russian scares them sh-tless like literally nothing else. SEE: https://github.com/maxieds/GEyesThemes/blob/master/FuckTrump/YesWomanIDoCare.jpg, DESC=github-maxieds-GEyesThemes-blob-master-FuckTrump-YesWomanIDoCare.jpg",,,,,,,,,,,,,,,,,,,,,,,,,,,,,,,,,,,,AndroidGo BLU phone - Documents insane babbling loonies XV - In an era of ChimeraX - Fear no evil,2023-11-20T23:01:01.542264+00:00
cT1wbJ6wQMI,2023-11-20T22:56:23.495704+00:00,,,,,,,,,,,,,,,,,,,,,,,,,,,,,,,,,,,,,AndroidGo BLU phone - Documents insane babbling loonies XIII - In an era of ChimeraX - Fear no evil,2023-11-20T22:56:23.495704+00:00
Iher8zBKfFA,2023-11-20T22:56:48.575084+00:00,,,,,,,,,,,,,,,,,,,,,,,,,,,,,,,,,,,,,AndroidGo BLU phone - Documents insane babbling loonies XIV - In an era of ChimeraX - Fear no evil,2023-11-20T22:56:48.575084+00:00
hN2AXMkNHIg,2023-11-20T22:52:48.510647+00:00,,,,,,,,,,,,,,,,,,,,,,,,,,,,,,,,,,,,,AndroidGo BLU phone - Documents insane babbling loonies VI - In an era of ChimeraX - Fear no evil,2023-11-20T22:52:48.510647+00:00
cu-NpUvfsQk,2023-11-20T22:50:26.300039+00:00,"The battery on this RF device looks a lot like the ChimeraX / AndroidGo images. I posit (should be good on this) that these types of batteries are actually large hidden storage devices. Engineering physics 213 (2004) at UIUC had one good memory nearly 20 years later: a bored TA commenting about ""beandip"" is an explanation for how this type of hard drive is encoded, or may be later recovered with an electron microscope peeling off the data layer-by-layer at a time.",,,,,,,,,,,,,,,,,,,,,,,,,,,,,,,,,,,,AndroidGo BLU phone - Documents insane babbling loonies V - In an era of ChimeraX - Fear no evil,2023-11-20T22:52:11.815429+00:00
iy1Kyi3UJik,2023-11-20T22:53:37.190395+00:00,,,,,,,,,,,,,,,,,,,,,,,,,,,,,,,,,,,,,AndroidGo BLU phone - Documents insane babbling loonies VIII - In an era of ChimeraX - Fear no evil,2023-11-20T22:53:37.190395+00:00
cVWe5ga_VPg,2023-11-22T01:03:27.033541+00:00,,,,,,,,,,,,,,,,,,,,,,,,,,,,,,,,,,,,,AndroidGo BLU phone - Documents insane babbling loonies XXXXXV - An era of ChimeraX - Fear no evil,2023-11-22T01:03:27.033541+00:00
O6gZlkLGFsk,2023-11-20T22:54:02.731643+00:00,,,,,,,,,,,,,,,,,,,,,,,,,,,,,,,,,,,,,AndroidGo BLU phone - Documents insane babbling loonies IX - In an era of ChimeraX - Fear no evil,2023-11-20T22:54:02.731643+00:00
jD0iJeCN5uc,2023-11-20T22:53:09.103382+00:00,,,,,,,,,,,,,,,,,,,,,,,,,,,,,,,,,,,,,AndroidGo BLU phone - Documents insane babbling loonies VII - In an era of ChimeraX - Fear no evil,2023-11-20T22:53:09.103382+00:00
ZZ5d7y2Zynk,2023-11-21T21:24:01.948781+00:00,,,,,,,,,,,,,,,,,,,,,,,,,,,,,,,,,,,,,Kidde Home Automation and Surveillance - Packaging and Other Notes,2023-11-21T21:24:01.948781+00:00
WR89mx5WVwU,2023-11-21T21:25:12.928844+00:00,,,,,,,,,,,,,,,,,,,,,,,,,,,,,,,,,,,,,Darkweb (MDM) ipad - More settings,2023-11-21T21:25:12.928844+00:00
D4bvItBnJdg,2023-11-21T21:26:32.506018+00:00,,,,,,,,,,,,,,,,,,,,,,,,,,,,,,,,,,,,,"Chicago interesting found object type pot packaging - Squares, Cali weed and gifts from strangers",2023-11-21T21:27:25.042966+00:00
WBq-LJoSNIY,2023-11-21T21:28:06.634619+00:00,,,,,,,,,,,,,,,,,,,,,,,,,,,,,,,,,,,,,"Start of public stashes of collected documents and notes - ABQ, Yellowstone and forward",2023-11-21T21:28:40.616806+00:00
XdJz0vMRG4w,2023-11-21T21:29:32.431448+00:00,Losing everything having to flee from Albuquerque with Kush in a Tesla car removes a lot of sentimental items. These are some newer material possessions I have to show off - in good taste. I filled two empty picture frames with collages I made as an art project a few nights this year.,,,,,,,,,,,,,,,,,,,,,,,,,,,,,,,,,,,,Personal artifacts and tokens of recent life experiences,2023-11-21T21:31:38.853374+00:00
m3SFdxvuArU,2023-11-21T21:34:22.66859+00:00,"I'm not the first nor only living close family or friend who wanted to execute McDonald on impact for the way he is. This was done to me in July of last year while a four plus hour surgery was performed on me after starting what should have been a routine 10 minute GI/EGD procedure. This is a very sick way to torture souls. It can be partially disabled by picking at the outer ears repeatedly with tweezers and safety pins. The sticky semi-opaque yellowish fluid that drains is radioactive. The iHEAR website (cached versions on archive.org) predicts that a lot of the Hell that it was capable of after kidnapping abroad will gradually wear out anywhere from 18-24 months after July of 2022. FUCK TRUMP!!! These men behave like the only physics of opposite reaction to fear are those of the instant karma type (no kidding). I will reiterate that (1) I fear no evil; and (2) Hell hath no fury like the wrath of God. They are not going to appreciate that she is a woman on this planet. And no, normal, pissed off, good people are not going to care whether or not he is happy or whether or not they LIKE that. Recall the recently declassified descriptions of how Hitler died in a special operations mission into South America during the IRAN/CONTRA of Regan. My father will be happy enough about this with that little reminder that real men walk the Earth and remove penises a plenty first before any brutal executions of war criminals. Can he figure out what WE mean by that?

================

LINK: https://web.archive.org/web/20220123052758/https://www.youtube.com/channel/UCi3TxztLeYYZL4J8yTa2alA/videos
DESC: archiveorg/web/20220123052758/YouTubeChannelVideos-UCi3TxztLeYYZL4J8yTa2alA

LINK: https://web.archive.org/web/20220117010044/https://myheariq.com/blogs/news
DESC: archiveorg/web/20220117010044/myheariq-com/blogs/news",,,,,,,,,,,,,,,,,,,,,,,,,,,,,,,,,,,,"This is Trump and his sons in a nutshell - Ohh, Kushy bear, Mama's going to kill some trolls",2023-11-29T22:20:16.221536+00:00
cg0lVVew46I,2023-11-21T21:37:36.659222+00:00,,,,,,,,,,,,,,,,,,,,,,,,,,,,,,,,,,,,,Darkweb (MDM) ipad - (Mobile) Safari website data stub entries and logs,2023-11-21T21:37:36.659222+00:00
ubj7fJCXKH0,2023-11-21T23:53:01.579862+00:00,,,,,,,,,,,,,,,,,,,,,,,,,,,,,,,,,,,,,AndroidGo BLU phone - Documents insane babbling loonies XVI - In an era of ChimeraX - Fear no evil,2023-11-21T23:53:16.946184+00:00
XDvcu7vFpNQ,2023-11-21T23:59:15.229601+00:00,,,,,,,,,,,,,,,,,,,,,,,,,,,,,,,,,,,,,AndroidGo BLU phone - Documents insane babbling loonies XIX - In an era of ChimeraX - Fear no evil,2023-11-21T23:59:15.229601+00:00
YJ6r6CJKqNA,2023-11-21T23:58:50.096236+00:00,,,,,,,,,,,,,,,,,,,,,,,,,,,,,,,,,,,,,AndroidGo BLU phone - Documents insane babbling loonies XVIII - In an era of ChimeraX - Fear no evil,2023-11-21T23:58:50.096236+00:00
aBC01CHzDPQ,2023-11-21T23:58:29.040881+00:00,,,,,,,,,,,,,,,,,,,,,,,,,,,,,,,,,,,,,AndroidGo BLU phone - Documents insane babbling loonies XVII - In an era of ChimeraX - Fear no evil,2023-11-21T23:58:29.040881+00:00
eddkwmCGLqI,2023-11-22T00:19:09.456551+00:00,,,,,,,,,,,,,,,,,,,,,,,,,,,,,,,,,,,,,AndroidGo BLU phone - Documents insane babbling loonies XX - In an era of ChimeraX - Fear no evil,2023-11-22T00:19:09.456551+00:00
lbR5N96n7kw,2023-11-22T00:19:23.581047+00:00,,,,,,,,,,,,,,,,,,,,,,,,,,,,,,,,,,,,,AndroidGo BLU phone - Documents insane babbling loonies XXI - In an era of ChimeraX - Fear no evil,2023-11-22T00:19:23.581047+00:00
aVCovqXWu8Y,2023-11-22T00:23:34.746392+00:00,,,,,,,,,,,,,,,,,,,,,,,,,,,,,,,,,,,,,AndroidGo BLU phone - Documents insane babbling loonies XXVIII - An era of ChimeraX - Fear no evil,2023-11-22T00:24:14.075828+00:00
yZTq0XMWaxo,2023-11-22T00:21:19.391187+00:00,,,,,,,,,,,,,,,,,,,,,,,,,,,,,,,,,,,,,AndroidGo BLU phone - Documents insane babbling loonies XXIV - In an era of ChimeraX - Fear no evil,2023-11-22T00:21:19.391187+00:00
1GDlQ9YGz_M,2023-11-22T00:24:57.115527+00:00,,,,,,,,,,,,,,,,,,,,,,,,,,,,,,,,,,,,,AndroidGo BLU phone - Documents insane babbling loonies XXIX - An era of ChimeraX - Fear no evil,2023-11-22T00:24:57.115527+00:00
IJ6XifH_e-s,2023-11-22T00:22:13.575745+00:00,,,,,,,,,,,,,,,,,,,,,,,,,,,,,,,,,,,,,AndroidGo BLU phone - Documents insane babbling loonies XXVI - In an era of ChimeraX - Fear no evil,2023-11-22T00:22:13.575745+00:00
qQnCdgBlz2w,2023-11-22T00:21:51.079365+00:00,,,,,,,,,,,,,,,,,,,,,,,,,,,,,,,,,,,,,AndroidGo BLU phone - Documents insane babbling loonies XXV - In an era of ChimeraX - Fear no evil,2023-11-22T00:21:51.079365+00:00
Vndq4LslSnc,2023-11-22T00:22:37.323189+00:00,,,,,,,,,,,,,,,,,,,,,,,,,,,,,,,,,,,,,AndroidGo BLU phone - Documents insane babbling loonies XXVII - In an era of ChimeraX - Fear no evil,2023-11-22T00:22:37.323189+00:00
OwMcaoGr5og,2023-11-22T00:25:25.073062+00:00,,,,,,,,,,,,,,,,,,,,,,,,,,,,,,,,,,,,,AndroidGo BLU phone - Documents insane babbling loonies XXX - An era of ChimeraX - Fear no evil,2023-11-22T00:25:25.073062+00:00
FpL07HuKtkk,2023-11-22T00:20:56.592158+00:00,,,,,,,,,,,,,,,,,,,,,,,,,,,,,,,,,,,,,AndroidGo BLU phone - Documents insane babbling loonies XXIII - In an era of ChimeraX - Fear no evil,2023-11-22T00:20:56.592158+00:00
Mx6X27GlwJ0,2023-11-22T01:03:45.1794+00:00,,,,,,,,,,,,,,,,,,,,,,,,,,,,,,,,,,,,,AndroidGo BLU phone - Documents insane babbling loonies XXXXXVI - An era of ChimeraX - Fear no evil,2023-11-22T01:03:45.1794+00:00
4u1sxY0cHq4,2023-11-22T00:20:24.862308+00:00,,,,,,,,,,,,,,,,,,,,,,,,,,,,,,,,,,,,,AndroidGo BLU phone - Documents insane babbling loonies XXII - In an era of ChimeraX - Fear no evil,2023-11-22T00:20:24.862308+00:00
ku8pde52V48,2023-11-22T01:07:00.550021+00:00,"The video filename uploaded is: UPLDD-screen-20230923-085131.mp4. It contains the date 5/13, which coincides with Friday, May 13, 2022. I counted six X Roman numerals plus four which made me happy, until I realized how badly this all sucks. A power of two. The name of the Russian mafia hitman's son from LA that murdered my biological sister in 2008 in front of Tony at Zia's Italian restaurant on the Hill was: Roman Krauss (Krauββ). His father is a skinhead dressed like Dr. Evil on Facebook. I didn't understand what the fly in soup reference meant. She, knowing what I'm like and how my brain works, told me his name in the car while he was talking on the phone in Russian in the front seat of my car. Fucking Ay, Asshole! Still here, waiting for it, if you've got the cahones. Kevin Mitnick's perspective: Run OTH over our dead bodies? Oh no, that's not necessary. You're too polite. He called you a bitch? He's never met one before. Trump has met Hilary Clinton - which is to say that HE'S met one before. Let me take out these little boys if no one is up to the job. LOVE THEM THE MOST.",,,,,,,,,,,,,,,,,,,,,,,,,,,,,,,,,,,,AndroidGo BLU phone - Documents insane babbling loonies XXXXXXIV - Era of ChimeraX - Fear no evil,2023-11-22T01:14:27.396307+00:00
EeZvftyd9aE,2023-11-22T01:06:42.148102+00:00,,,,,,,,,,,,,,,,,,,,,,,,,,,,,,,,,,,,,AndroidGo BLU phone - Documents insane babbling loonies XXXXXXIII - Era of ChimeraX - Fear no evil,2023-11-22T01:06:42.148102+00:00
YrEqCcwVodY,2023-11-22T00:34:18.364337+00:00,,,,,,,,,,,,,,,,,,,,,,,,,,,,,,,,,,,,,AndroidGo BLU phone - Documents insane babbling loonies XXXI - An era of ChimeraX - Fear no evil,2023-11-22T00:34:18.364337+00:00
G4FmHHDph5Q,2023-11-22T00:35:39.701881+00:00,,,,,,,,,,,,,,,,,,,,,,,,,,,,,,,,,,,,,AndroidGo BLU phone - Documents insane babbling loonies XXXII - An era of ChimeraX - Fear no evil,2023-11-22T00:35:39.701881+00:00
OpaT6bjYSjw,2023-11-22T00:36:02.791682+00:00,,,,,,,,,,,,,,,,,,,,,,,,,,,,,,,,,,,,,AndroidGo BLU phone - Documents insane babbling loonies XXXIII - An era of ChimeraX - Fear no evil,2023-11-22T00:36:02.791682+00:00
nlLsPR6a6GQ,2023-11-22T01:06:14.067178+00:00,,,,,,,,,,,,,,,,,,,,,,,,,,,,,,,,,,,,,AndroidGo BLU phone - Documents insane babbling loonies XXXXXXII - Era of ChimeraX - Fear no evil,2023-11-22T01:06:14.067178+00:00
rm0p4D8Bz40,2023-11-22T00:37:01.903905+00:00,,,,,,,,,,,,,,,,,,,,,,,,,,,,,,,,,,,,,AndroidGo BLU phone - Documents insane babbling loonies XXXV - An era of ChimeraX - Fear no evil,2023-11-22T00:37:01.903905+00:00
x_FV5fcRgKE,2023-11-22T00:38:33.501602+00:00,,,,,,,,,,,,,,,,,,,,,,,,,,,,,,,,,,,,,AndroidGo BLU phone - Documents insane babbling loonies XXXVII - An era of ChimeraX - Fear no evil,2023-11-22T00:38:33.501602+00:00
9HM3SF19GYI,2023-11-22T00:38:55.649345+00:00,,,,,,,,,,,,,,,,,,,,,,,,,,,,,,,,,,,,,AndroidGo BLU phone - Documents insane babbling loonies XXXVIII - An era of ChimeraX - Fear no evil,2023-11-22T00:38:55.649345+00:00
Olf2w5Ete6c,2023-11-22T00:37:23.838184+00:00,,,,,,,,,,,,,,,,,,,,,,,,,,,,,,,,,,,,,AndroidGo BLU phone - Documents insane babbling loonies XXXVI - An era of ChimeraX - Fear no evil,2023-11-22T00:37:23.838184+00:00
9xC7QzDmp3I,2023-11-22T00:36:34.336451+00:00,,,,,,,,,,,,,,,,,,,,,,,,,,,,,,,,,,,,,AndroidGo BLU phone - Documents insane babbling loonies XXXIV - An era of ChimeraX - Fear no evil,2023-11-22T00:36:34.336451+00:00
6SbCkb9gufc,2023-11-22T00:49:28.005886+00:00,,,,,,,,,,,,,,,,,,,,,,,,,,,,,,,,,,,,,AndroidGo BLU phone - Documents insane babbling loonies XXXIX - An era of ChimeraX - Fear no evil,2023-11-22T00:49:28.005886+00:00
rQqnANgObdM,2023-11-22T00:49:43.588293+00:00,,,,,,,,,,,,,,,,,,,,,,,,,,,,,,,,,,,,,AndroidGo BLU phone - Documents insane babbling loonies XXXX - An era of ChimeraX - Fear no evil,2023-11-22T00:49:43.588293+00:00
zL3zsQ1cSIc,2023-11-22T00:50:10.102758+00:00,,,,,,,,,,,,,,,,,,,,,,,,,,,,,,,,,,,,,AndroidGo BLU phone - Documents insane babbling loonies XXXXI - An era of ChimeraX - Fear no evil,2023-11-22T00:50:10.102758+00:00
1XONFr5mXFU,2023-11-22T00:50:33.249704+00:00,,,,,,,,,,,,,,,,,,,,,,,,,,,,,,,,,,,,,AndroidGo BLU phone - Documents insane babbling loonies XXXXII - An era of ChimeraX - Fear no evil,2023-11-22T00:50:33.249704+00:00
l6_d4cH7CIo,2023-11-22T00:51:46.535996+00:00,,,,,,,,,,,,,,,,,,,,,,,,,,,,,,,,,,,,,AndroidGo BLU phone - Documents insane babbling loonies XXXXV - An era of ChimeraX - Fear no evil,2023-11-22T00:51:46.535996+00:00
0b9t8e0LP28,2023-11-22T00:52:04.464634+00:00,,,,,,,,,,,,,,,,,,,,,,,,,,,,,,,,,,,,,AndroidGo BLU phone - Documents insane babbling loonies XXXXVI - An era of ChimeraX - Fear no evil,2023-11-22T00:52:04.464634+00:00
Bng524s77Iw,2023-11-22T00:50:56.70373+00:00,,,,,,,,,,,,,,,,,,,,,,,,,,,,,,,,,,,,,AndroidGo BLU phone - Documents insane babbling loonies XXXXIII - An era of ChimeraX - Fear no evil,2023-11-22T00:50:56.70373+00:00
xdY7-klFFq4,2023-11-22T00:52:31.220523+00:00,,,,,,,,,,,,,,,,,,,,,,,,,,,,,,,,,,,,,AndroidGo BLU phone - Documents insane babbling loonies XXXXVII - An era of ChimeraX - Fear no evil,2023-11-22T00:52:31.220523+00:00
QeKsgqufog8,2023-11-22T00:52:51.349859+00:00,,,,,,,,,,,,,,,,,,,,,,,,,,,,,,,,,,,,,AndroidGo BLU phone - Documents insane babbling loonies XXXXVIII - An era of ChimeraX - Fear no evil,2023-11-22T00:52:51.349859+00:00
kCqC-LhxTxg,2023-11-22T00:51:23.418336+00:00,,,,,,,,,,,,,,,,,,,,,,,,,,,,,,,,,,,,,AndroidGo BLU phone - Documents insane babbling loonies XXXXIV - An era of ChimeraX - Fear no evil,2023-11-22T00:51:23.418336+00:00
HN8Jvm2177c,2023-11-22T01:05:53.659257+00:00,,,,,,,,,,,,,,,,,,,,,,,,,,,,,,,,,,,,,AndroidGo BLU phone - Documents insane babbling loonies XXXXXXI - Era of ChimeraX - Fear no evil,2023-11-22T01:05:53.659257+00:00
KkHHLmnWeSI,2023-11-22T01:05:31.390657+00:00,,,,,,,,,,,,,,,,,,,,,,,,,,,,,,,,,,,,,AndroidGo BLU phone - Documents insane babbling loonies XXXXXX - Era of ChimeraX - Fear no evil,2023-11-22T01:05:31.390657+00:00
EeWpZdMb3PE,2023-11-22T01:05:11.817656+00:00,,,,,,,,,,,,,,,,,,,,,,,,,,,,,,,,,,,,,AndroidGo BLU phone - Documents insane babbling loonies XXXXXIX - Era of ChimeraX - Fear no evil,2023-11-22T01:05:11.817656+00:00
Ym1HdCftwh0,2023-11-22T01:04:44.568914+00:00,,,,,,,,,,,,,,,,,,,,,,,,,,,,,,,,,,,,,AndroidGo BLU phone - Documents insane babbling loonies XXXXXVIII - Era of ChimeraX - Fear no evil,2023-11-22T01:04:44.568914+00:00
ekpCWbV5c3w,2023-11-22T00:53:13.936993+00:00,,,,,,,,,,,,,,,,,,,,,,,,,,,,,,,,,,,,,AndroidGo BLU phone - Documents insane babbling loonies XXXXIX - An era of ChimeraX - Fear no evil,2023-11-22T00:53:13.936993+00:00
xjZEu8gngpU,2023-11-22T01:04:09.984444+00:00,,,,,,,,,,,,,,,,,,,,,,,,,,,,,,,,,,,,,AndroidGo BLU phone - Documents insane babbling loonies XXXXXVII - An era of ChimeraX - Fear no evil,2023-11-22T01:04:09.984444+00:00
Z60WqTipBk4,2023-11-22T01:02:36.075757+00:00,,,,,,,,,,,,,,,,,,,,,,,,,,,,,,,,,,,,,AndroidGo BLU phone - Documents insane babbling loonies XXXXXIII - An era of ChimeraX - Fear no evil,2023-11-22T01:02:36.075757+00:00
meRWSD_akTE,2023-11-22T01:02:00.893019+00:00,,,,,,,,,,,,,,,,,,,,,,,,,,,,,,,,,,,,,AndroidGo BLU phone - Documents insane babbling loonies XXXXXII - An era of ChimeraX - Fear no evil,2023-11-22T01:02:00.893019+00:00
uwg-h0KW0-E,2023-11-22T01:01:36.94914+00:00,,,,,,,,,,,,,,,,,,,,,,,,,,,,,,,,,,,,,AndroidGo BLU phone - Documents insane babbling loonies XXXXXI - An era of ChimeraX - Fear no evil,2023-11-22T01:01:36.94914+00:00
_TSQ2CS0N9s,2023-11-22T01:01:22.826493+00:00,,,,,,,,,,,,,,,,,,,,,,,,,,,,,,,,,,,,,AndroidGo BLU phone - Documents insane babbling loonies XXXXX - An era of ChimeraX - Fear no evil,2023-11-22T01:01:22.826493+00:00
Q290NIzhakg,2023-11-22T00:59:15.002277+00:00,,,,,,,,,,,,,,,,,,,,,,,,,,,,,,,,,,,,,"SJSS Memorial Spotify Playlist - Love you Mama, see you when I get home, Father Don Dell Dear",2023-11-22T00:59:15.002277+00:00
Xrc2II5RJyY,2023-11-29T19:56:22.126197+00:00,,,,,,,,,,,,,,,,,,,,,,,,,,,,,,,,,,,,,AndroidGo - BLU phone - Hostile takeover - Screen and keyboard overlay manipulation (WHY GOD WHY?!?),2023-11-29T19:56:22.126197+00:00
RFBioqfGmAc,2023-11-29T20:00:26.858316+00:00,,,,,,,,,,,,,,,,,,,,,,,,,,,,,,,,,,,,,How to get away from Trump? AnthonyX (NYC mafia) nearly killed me this month - Video I,2023-11-29T20:00:26.858316+00:00
00NFHd_X1kc,2023-11-29T20:01:21.581254+00:00,,,,,,,,,,,,,,,,,,,,,,,,,,,,,,,,,,,,,How to get away from Trump? AnthonyX (NYC mafia) nearly killed me this month - Video II,2023-11-29T20:01:21.581254+00:00
OZVeGQISU88,2023-11-29T20:08:49.586698+00:00,,,,,,,,,,,,,,,,,,,,,,,,,,,,,,,,,,,,,How to get away from Trump? AnthonyX (NYC mafia) nearly killed me this month - Video XIV,2023-11-29T20:08:49.586698+00:00
yMqd3L0en3g,2023-11-29T20:09:16.272403+00:00,,,,,,,,,,,,,,,,,,,,,,,,,,,,,,,,,,,,,How to get away from Trump? AnthonyX (NYC mafia) nearly killed me this month - Video XV,2023-11-29T20:09:16.272403+00:00
TdxT_CVm0v0,2023-11-29T20:01:36.209386+00:00,,,,,,,,,,,,,,,,,,,,,,,,,,,,,,,,,,,,,How to get away from Trump? AnthonyX (NYC mafia) nearly killed me this month - Video III,2023-11-29T20:01:36.209386+00:00
frMvCeF_rnU,2023-11-29T20:02:06.826354+00:00,,,,,,,,,,,,,,,,,,,,,,,,,,,,,,,,,,,,,How to get away from Trump? AnthonyX (NYC mafia) nearly killed me this month - Video IV,2023-11-29T20:02:06.826354+00:00
Ks3Culmnh4o,2023-11-29T20:02:32.598957+00:00,,,,,,,,,,,,,,,,,,,,,,,,,,,,,,,,,,,,,How to get away from Trump? AnthonyX (NYC mafia) nearly killed me this month - Video V,2023-11-29T20:02:32.598957+00:00
CAkzM8cL3bE,2023-11-29T20:03:01.175335+00:00,,,,,,,,,,,,,,,,,,,,,,,,,,,,,,,,,,,,,How to get away from Trump? AnthonyX (NYC mafia) nearly killed me this month - Video VI,2023-11-29T20:03:01.175335+00:00
aItWWFrErCM,2023-11-29T20:09:45.50783+00:00,,,,,,,,,,,,,,,,,,,,,,,,,,,,,,,,,,,,,How to get away from Trump? AnthonyX (NYC mafia) nearly killed me this month - Video XV,2023-11-29T20:09:45.50783+00:00
_KNXhXzcD7w,2023-11-29T20:03:28.545796+00:00,,,,,,,,,,,,,,,,,,,,,,,,,,,,,,,,,,,,,How to get away from Trump? AnthonyX (NYC mafia) nearly killed me this month - Video VII,2023-11-29T20:03:28.545796+00:00
Xgvcyn8AyiY,2023-11-29T20:04:15.009364+00:00,,,,,,,,,,,,,,,,,,,,,,,,,,,,,,,,,,,,,How to get away from Trump? AnthonyX (NYC mafia) nearly killed me this month - Video VIII,2023-11-29T20:04:15.009364+00:00
P8Y45mPVULA,2023-11-29T20:04:56.979723+00:00,,,,,,,,,,,,,,,,,,,,,,,,,,,,,,,,,,,,,How to get away from Trump? AnthonyX (NYC mafia) nearly killed me this month - Video IX,2023-11-29T20:04:56.979723+00:00
0vOpECVqJgU,2023-11-29T20:05:26.110814+00:00,,,,,,,,,,,,,,,,,,,,,,,,,,,,,,,,,,,,,How to get away from Trump? AnthonyX (NYC mafia) nearly killed me this month - Video X,2023-11-29T20:05:26.110814+00:00
7J8Q9s_2-8U,2023-11-29T20:05:52.622775+00:00,,,,,,,,,,,,,,,,,,,,,,,,,,,,,,,,,,,,,How to get away from Trump? AnthonyX (NYC mafia) nearly killed me this month - Video XI,2023-11-29T20:05:52.622775+00:00
4V7O9eOlw9U,2023-11-29T20:07:31.697148+00:00,,,,,,,,,,,,,,,,,,,,,,,,,,,,,,,,,,,,,Lithium ION batteries - Covert disk storage - Beandip II,2023-11-29T20:08:04.144038+00:00
bkZ22GY2Sww,2023-11-29T20:06:29.082474+00:00,,,,,,,,,,,,,,,,,,,,,,,,,,,,,,,,,,,,,How to get away from Trump? AnthonyX (NYC mafia) nearly killed me this month - Video XII,2023-11-29T20:06:29.082474+00:00
ulRqJQZacL4,2023-11-29T20:06:54.571305+00:00,,,,,,,,,,,,,,,,,,,,,,,,,,,,,,,,,,,,,How to get away from Trump? AnthonyX (NYC mafia) nearly killed me this month - Video XIII,2023-11-29T20:06:54.571305+00:00
JnuyHh0tRyk,2023-11-29T23:13:53.97006+00:00,,,,,,,,,,,,,,,,,,,,,,,,,,,,,,,,,,,,,Greensboro (USO-to-GSO) into Chicago trip - Video XVII,2023-11-29T23:13:53.97006+00:00
855fFKm-50w,2023-11-29T23:14:09.134139+00:00,,,,,,,,,,,,,,,,,,,,,,,,,,,,,,,,,,,,,Greensboro (USO-to-GSO) into Chicago trip - Video XVIII,2023-11-29T23:14:09.134139+00:00
tcHdLdhBdOo,2023-11-29T23:07:48.092212+00:00,,,,,,,,,,,,,,,,,,,,,,,,,,,,,,,,,,,,,Greensboro (USO-to-GSO) into Chicago trip - Video I,2023-11-29T23:07:48.092212+00:00
1AGIO1_5iSc,2023-11-29T23:08:06.680653+00:00,,,,,,,,,,,,,,,,,,,,,,,,,,,,,,,,,,,,,Greensboro (USO-to-GSO) into Chicago trip - Video II,2023-11-29T23:08:06.680653+00:00
rnUVlZDzJnE,2023-11-29T23:08:52.811316+00:00,Scary electric vehicle (EV) charging station that works at over fifty feet!!,,,,,,,,,,,,,,,,,,,,,,,,,,,,,,,,,,,,Greensboro (USO-to-GSO) into Chicago trip - Video III,2023-11-29T23:08:52.811316+00:00
z_iAowT4gnI,2023-11-29T23:09:12.306076+00:00,,,,,,,,,,,,,,,,,,,,,,,,,,,,,,,,,,,,,Greensboro (USO-to-GSO) into Chicago trip - Video IV,2023-11-29T23:09:12.306076+00:00
zRS_oc6gplc,2023-11-29T23:09:31.552756+00:00,,,,,,,,,,,,,,,,,,,,,,,,,,,,,,,,,,,,,Greensboro (USO-to-GSO) into Chicago trip - Video V,2023-11-29T23:09:31.552756+00:00
Ym73ZsEK1ng,2023-11-29T23:09:50.760033+00:00,,,,,,,,,,,,,,,,,,,,,,,,,,,,,,,,,,,,,Greensboro (USO-to-GSO) into Chicago trip - Video VI,2023-11-29T23:09:50.760033+00:00
v1usv8QhJ0A,2023-11-29T23:10:22.234472+00:00,,,,,,,,,,,,,,,,,,,,,,,,,,,,,,,,,,,,,Greensboro (USO-to-GSO) into Chicago trip - Video VII,2023-11-29T23:10:22.234472+00:00
o1wyEhLuDKo,2023-11-29T23:10:40.7021+00:00,,,,,,,,,,,,,,,,,,,,,,,,,,,,,,,,,,,,,Greensboro (USO-to-GSO) into Chicago trip - Video VIII,2023-11-29T23:10:40.7021+00:00
ecJo-ymL_dQ,2023-11-29T23:11:00.252736+00:00,,,,,,,,,,,,,,,,,,,,,,,,,,,,,,,,,,,,,Greensboro (USO-to-GSO) into Chicago trip - Video IX,2023-11-29T23:11:00.252736+00:00
6WKT1-ofHQQ,2023-11-29T23:11:18.02933+00:00,,,,,,,,,,,,,,,,,,,,,,,,,,,,,,,,,,,,,Greensboro (USO-to-GSO) into Chicago trip - Video X,2023-11-29T23:11:18.02933+00:00
t-xaxuYonLE,2023-11-29T23:11:53.907378+00:00,,,,,,,,,,,,,,,,,,,,,,,,,,,,,,,,,,,,,Greensboro (USO-to-GSO) into Chicago trip - Video XI,2023-11-29T23:11:53.907378+00:00
WEA-aFJ0fmQ,2023-11-29T23:12:09.131986+00:00,,,,,,,,,,,,,,,,,,,,,,,,,,,,,,,,,,,,,Greensboro (USO-to-GSO) into Chicago trip - Video XII,2023-11-29T23:12:09.131986+00:00
mZHrN7u8giY,2023-11-29T23:12:26.325324+00:00,,,,,,,,,,,,,,,,,,,,,,,,,,,,,,,,,,,,,Greensboro (USO-to-GSO) into Chicago trip - Video XIII,2023-11-29T23:12:26.325324+00:00
u6LNc8L73Bw,2023-11-29T23:12:45.249042+00:00,,,,,,,,,,,,,,,,,,,,,,,,,,,,,,,,,,,,,Greensboro (USO-to-GSO) into Chicago trip - Video XIV,2023-11-29T23:12:45.249042+00:00
my7mIerTfhY,2023-11-29T23:13:02.275966+00:00,,,,,,,,,,,,,,,,,,,,,,,,,,,,,,,,,,,,,Greensboro (USO-to-GSO) into Chicago trip - Video XV,2023-11-29T23:13:02.275966+00:00
XA2XV_LcD0k,2023-11-29T23:13:31.75854+00:00,,,,,,,,,,,,,,,,,,,,,,,,,,,,,,,,,,,,,Greensboro (USO-to-GSO) into Chicago trip - Video XVI,2023-11-29T23:13:31.75854+00:00
WQt3Lnl75dw,2023-11-29T23:15:50.140083+00:00,,,,,,,,,,,,,,,,,,,,,,,,,,,,,,,,,,,,,Greensboro (USO-to-GSO) into Chicago trip - Video XXIII,2023-11-29T23:15:50.140083+00:00
EO_ov4tX6bw,2023-11-29T23:16:07.967677+00:00,,,,,,,,,,,,,,,,,,,,,,,,,,,,,,,,,,,,,Greensboro (USO-to-GSO) into Chicago trip - Video XXIV,2023-11-29T23:16:07.967677+00:00
CEGXEw-kNWY,2023-11-29T23:16:25.799952+00:00,,,,,,,,,,,,,,,,,,,,,,,,,,,,,,,,,,,,,Greensboro (USO-to-GSO) into Chicago trip - Video XXV,2023-11-29T23:16:25.799952+00:00
1kofGd_Up6A,2023-11-29T23:16:44.382516+00:00,,,,,,,,,,,,,,,,,,,,,,,,,,,,,,,,,,,,,Greensboro (USO-to-GSO) into Chicago trip - Video XXVI,2023-11-29T23:16:44.382516+00:00
2yOLH7m7rKA,2023-11-29T23:17:01.038929+00:00,,,,,,,,,,,,,,,,,,,,,,,,,,,,,,,,,,,,,Greensboro (USO-to-GSO) into Chicago trip - Video XXVII,2023-11-29T23:17:01.038929+00:00
m9yGYAuFBe4,2023-11-29T23:15:14.647971+00:00,,,,,,,,,,,,,,,,,,,,,,,,,,,,,,,,,,,,,Greensboro (USO-to-GSO) into Chicago trip - Video XXI,2023-11-29T23:15:14.647971+00:00
1U5aVKd43ak,2023-11-29T23:14:55.758888+00:00,,,,,,,,,,,,,,,,,,,,,,,,,,,,,,,,,,,,,Greensboro (USO-to-GSO) into Chicago trip - Video XX,2023-11-29T23:14:55.758888+00:00
izTE__4gGqs,2023-11-29T23:15:31.951923+00:00,,,,,,,,,,,,,,,,,,,,,,,,,,,,,,,,,,,,,Greensboro (USO-to-GSO) into Chicago trip - Video XXII,2023-11-29T23:15:31.951923+00:00
4ZHIe8GC9Ng,2023-11-29T23:14:32.975144+00:00,,,,,,,,,,,,,,,,,,,,,,,,,,,,,,,,,,,,,Greensboro (USO-to-GSO) into Chicago trip - Video XIX,2023-11-29T23:14:32.975144+00:00
V0lTmoNQDek,2023-11-29T23:17:21.733081+00:00,,,,,,,,,,,,,,,,,,,,,,,,,,,,,,,,,,,,,Greensboro (USO-to-GSO) into Chicago trip - Video XXVIII,2023-11-29T23:17:21.733081+00:00
XIPGZGAJ2jE,2023-11-30T21:12:18.141607+00:00,,,,,,,,,,,,,,,,,,,,,,,,,,,,,,,,,,,,,"Denver^H^H^H^H^HBogota, COL - Best Western III - Honeywell sourced death threat at CurtisX Johnson",2023-11-30T21:12:18.141607+00:00
8MnOEn5_70E,2023-11-30T20:51:40.430434+00:00,,,,,,,,,,,,,,,,,,,,,,,,,,,,,,,,,,,,,"Florida 2023 REAP - Lori, Lory, Lorrie and the cast and kids of the VH1 reality TV show Mob Wives I",2023-11-30T20:51:40.430434+00:00
2-Ro5EaS850,2023-11-30T20:49:50.86487+00:00,,,,,,,,,,,,,,,,,,,,,,,,,,,,,,,,,,,,,Sandia National Labs - Quick ID badge video scan,2023-11-30T20:49:50.86487+00:00
ZVZJcSTvvuA,2023-11-30T21:11:01.737195+00:00,,,,,,,,,,,,,,,,,,,,,,,,,,,,,,,,,,,,,"Denver^H^H^H^H^HBogota, COL - Best Western hotel after Highlands imprisonment II - Met Sean Penn",2023-11-30T21:11:01.737195+00:00
aiRaOG5HXS0,2023-11-30T21:09:26.062909+00:00,,,,,,,,,,,,,,,,,,,,,,,,,,,,,,,,,,,,,"Denver^H^H^H^H^HBogota, COL - Best Western hotel after Highlands imprisonment I - Met Sean Penn",2023-11-30T21:10:31.175835+00:00
WNzWk1YNA70,2023-11-30T21:08:20.940141+00:00,,,,,,,,,,,,,,,,,,,,,,,,,,,,,,,,,,,,,Albuquerque 10/13/2022 - La Ventana apartment video XV,2023-11-30T21:08:20.940141+00:00
sXv2pcjlFvQ,2023-11-30T20:48:45.712503+00:00,,,,,,,,,,,,,,,,,,,,,,,,,,,,,,,,,,,,,Albuquerque 10/05/2022 - La Ventana apartment video I,2023-11-30T20:48:45.712503+00:00
_9mgzm1XLgc,2023-11-30T21:07:33.016755+00:00,,,,,,,,,,,,,,,,,,,,,,,,,,,,,,,,,,,,,Albuquerque 10/05/2022 - La Ventana apartment video XIV,2023-11-30T21:07:33.016755+00:00
XXpUynDbbG8,2023-11-30T21:06:57.844256+00:00,,,,,,,,,,,,,,,,,,,,,,,,,,,,,,,,,,,,,Albuquerque 10/05/2022 - La Ventana apartment video XIII,2023-11-30T21:06:57.844256+00:00
2MYTuQHnvtc,2023-11-30T21:06:37.56407+00:00,,,,,,,,,,,,,,,,,,,,,,,,,,,,,,,,,,,,,Albuquerque 10/05/2022 - La Ventana apartment video XI,2023-11-30T21:06:37.56407+00:00
QL0CMwL_kHk,2023-11-30T21:05:50.31958+00:00,,,,,,,,,,,,,,,,,,,,,,,,,,,,,,,,,,,,,Albuquerque 10/05/2022 - La Ventana apartment video X,2023-11-30T21:05:50.31958+00:00
mSu2l-dX4yU,2023-11-30T21:05:12.242848+00:00,,,,,,,,,,,,,,,,,,,,,,,,,,,,,,,,,,,,,Albuquerque 10/05/2022 - La Ventana apartment video IX,2023-11-30T21:05:12.242848+00:00
8noBs5FIn4k,2023-11-30T21:04:25.422695+00:00,,,,,,,,,,,,,,,,,,,,,,,,,,,,,,,,,,,,,Albuquerque 09/01/2022 - La Ventana apartment video VIII,2023-11-30T21:04:25.422695+00:00
U6pPiYbZTTk,2023-11-30T21:03:58.079715+00:00,,,,,,,,,,,,,,,,,,,,,,,,,,,,,,,,,,,,,Albuquerque 09/01/2022 - La Ventana apartment video VII,2023-11-30T21:03:58.079715+00:00
pN3eU7Et9Qk,2023-11-30T21:03:17.39311+00:00,,,,,,,,,,,,,,,,,,,,,,,,,,,,,,,,,,,,,Albuquerque 09/01/2022 - La Ventana apartment video VI,2023-11-30T21:03:17.39311+00:00
MrX9rdxton8,2023-11-30T20:47:50.7743+00:00,,,,,,,,,,,,,,,,,,,,,,,,,,,,,,,,,,,,,Albuquerque 09/01/2022 - Fly on Wall III,2023-11-30T20:47:50.7743+00:00
Q-ftY2T6VaQ,2023-11-30T20:58:22.962519+00:00,,,,,,,,,,,,,,,,,,,,,,,,,,,,,,,,,,,,,"Albuquerque 08/31/2022 - Purple square light V - Anti-semitic, Unicode symbol for royalty",2023-11-30T20:58:22.962519+00:00
1PvbwdVJrYY,2023-11-30T21:02:38.834212+00:00,,,,,,,,,,,,,,,,,,,,,,,,,,,,,,,,,,,,,Albuquerque 08/31/2022 - La Ventana apartment video V,2023-11-30T21:02:38.834212+00:00
df9_8tjmIxA,2023-11-30T20:57:47.783435+00:00,,,,,,,,,,,,,,,,,,,,,,,,,,,,,,,,,,,,,"Albuquerque 08/31/2022 - Purple square light IV - Anti-semitic, Unicode symbol for royalty",2023-11-30T20:57:47.783435+00:00
eiSmKgsDVuk,2023-11-30T21:02:01.84541+00:00,,,,,,,,,,,,,,,,,,,,,,,,,,,,,,,,,,,,,Albuquerque 09/01/2022 - La Ventana apartment video IV,2023-11-30T21:02:01.84541+00:00
Ky5nYbO9W1c,2023-11-30T20:46:31.717342+00:00,,,,,,,,,,,,,,,,,,,,,,,,,,,,,,,,,,,,,Albuquerque 09/01/2022 - Fly on Wall II,2023-11-30T20:46:31.717342+00:00
z2xh-t91Jt0,2023-11-30T21:01:03.841113+00:00,,,,,,,,,,,,,,,,,,,,,,,,,,,,,,,,,,,,,Albuquerque 08/31/2022 - La Ventana apartment video III,2023-11-30T21:01:03.841113+00:00
aO6fS_7kGg8,2023-11-30T20:57:07.152948+00:00,,,,,,,,,,,,,,,,,,,,,,,,,,,,,,,,,,,,,"Albuquerque 08/31/2022 - Purple square light III - Anti-semitic, Unicode symbol for royalty",2023-11-30T20:57:07.152948+00:00
brEptV13HqQ,2023-11-30T20:56:29.956264+00:00,,,,,,,,,,,,,,,,,,,,,,,,,,,,,,,,,,,,,"Albuquerque 08/31/2022 - Purple square light II - Anti-semitic, Unicode symbol for royalty",2023-11-30T20:56:36.982385+00:00
LrUNIl5Rhhw,2023-11-30T20:35:17.619849+00:00,"All you have to say is: I relinquish Brandye's soul! I relinquish Brandye's soul! X-IMBEIFET-XYOUL! X-IMBEIFET-XYOUL! Remember to change the password on Oogie Boogie Man next time! 

(Pulls up my pants like a middle school aged bully)

Is he lonely now that she is gone? The real BAS conveyed that she will come back to visit him occasionally. The other one is really something else. After three years living with that f-ing bitch, he wants, nay demands the divorce!",,,,,,,,,,,,,,,,,,,,,,,,,,,,,,,,,,,,INTEGERS 2018 Augusta - Livelier Ooogie Boogie Man doll (NBC) after giving him my sister's soul,2023-11-30T20:39:08.088501+00:00
sq55ulUmCcM,2023-11-30T20:46:02.555226+00:00,,,,,,,,,,,,,,,,,,,,,,,,,,,,,,,,,,,,,Albuquerque 09/01/2022 - Fly on Wall I,2023-11-30T20:46:02.555226+00:00
fOINh6iSuz4,2023-11-30T21:00:27.228286+00:00,,,,,,,,,,,,,,,,,,,,,,,,,,,,,,,,,,,,,Albuquerque 09/01/2022 - La Ventana apartment video II,2023-11-30T21:00:27.228286+00:00





