Post ID,Access Restriction Type,Post Update Timestamp,Image 1 Name,Image 1 Height In Pixels,Image 1 Preview Coordinates,Image 1 Width In Pixels,Image 2 Name,Image 2 Height In Pixels,Image 2 Preview Coordinates,Image 2 Width In Pixels,Image 3 Name,Image 3 Height In Pixels,Image 3 Preview Coordinates,Image 3 Width In Pixels,Image 4 Name,Image 4 Height In Pixels,Image 4 Preview Coordinates,Image 4 Width In Pixels,Image 5 Name,Image 5 Height In Pixels,Image 5 Preview Coordinates,Image 5 Width In Pixels,Post Create Timestamp,Post Publish Timestamp,Post Type,Shared Video 1 ID,Post Text
UgkxpoC17wxdq_HwTqCyPUZpkevOJl_EBpgy,Everyone,2025-01-26T21:27:31.85444+00:00,UgkxpoC17wxdq_HwTqCyPUZpkevOJl_EBpgy_image,2560,0 0.125 1 0.875,1920,,,,,,,,,,,,,,,,,2025-01-26T21:27:31.85444+00:00,2025-01-26T21:27:31.85444+00:00,Image,,"{""text"":""I was wrongfully terminated from a local branch of Chicago Public Schools for being outspoken about Trump. There will be a lawsuit (among others). This is what I'm thinking: ""},{""text"":""https://github.com/maxieds/ChameleonMiniLiveDebugger/issues/26#issuecomment-1722385007"",""link"":{""linkUrl"":""https://github.com/maxieds/ChameleonMiniLiveDebugger/issues/26#issuecomment-1722385007""}}"
UgkxJ9i2kCIdVzv5zs4xeBiIcZ6SrP1LSGxT,Everyone,2024-12-21T16:42:02.09701+00:00,,,,,,,,,,,,,,,,,,,,,2024-12-21T16:42:02.09701+00:00,2024-12-21T16:42:02.09701+00:00,Text,,"{""text"":""I want to reiterate that the mark of the beast is on Trump's penis. If anyone wants to remove it before, during or after he takes office to maintain the sanctity of America, that's where you can locate it. One more time: it's on his penis.""}"
UgkxTuqIGNQr8QZxCkg4574eccZTh8zrEjpN,Everyone,2024-12-13T20:02:59.364839+00:00,UgkxTuqIGNQr8QZxCkg4574eccZTh8zrEjpN_image_1,768,0.218887 0 0.781113 1,1366,UgkxTuqIGNQr8QZxCkg4574eccZTh8zrEjpN_image_2,720,0.236457 0 0.763543 1,1366,,,,,,,,,,,,,2024-12-13T20:02:59.364839+00:00,2024-12-13T20:02:59.364839+00:00,Image,,"{""text"":""I just made my first phone call to Tony Buzzbee for help with lawsuits involving Elon Musk and Donald Trump. This is while listening to the end of the Clash at the 1983 US Festival (Mick Jone's last show with the band) playing \""Straight to Hell\"". Geiger counters really resonates with me (ask) as does Jason's Deli in the second image:  ""},{""text"":""https://www.youtube.com/watch?v=dsZks2ZxqTs&t=16s"",""videoLink"":{""externalVideoId"":""dsZks2ZxqTs"",""startTimeSeconds"":16}}"
UgkxGnHUnDbtszLUxbLKxuc4lmlgYZwQ7Vvn,Everyone,2024-11-23T20:06:03.717929+00:00,UgkxGnHUnDbtszLUxbLKxuc4lmlgYZwQ7Vvn_image_1,784,0.0393655 0 0.960635 1,851,UgkxGnHUnDbtszLUxbLKxuc4lmlgYZwQ7Vvn_image_2,720,0.236457 0 0.763543 1,1366,UgkxGnHUnDbtszLUxbLKxuc4lmlgYZwQ7Vvn_image_3,720,0.236457 0 0.763543 1,1366,,,,,,,,,2024-11-23T20:06:03.717929+00:00,2024-11-23T20:06:03.717929+00:00,Image,,"{""text"":""Happy 71st birthday to my late mom, Dr. Sarah Jane Sweat Schmidt! We love you and will always miss you, Mama. Does anyone else take offense to the old school X-Windows style X/Twitter (info/data wars) logo used by Elon Musk? X-Windows code is something my late husband, Jason Zych, would have been known for in the hacker community. Jason died with a gun shot to his belly with a swastika on his chest trying to manhandle a meth addict from my middle school who wanted to rape his pregnant wife. They're like that. Don Lemon's interview with Mr. Musk has every other remark from our pet cat Elon being a reference to me. Not right in his/their heads. :(""}"
UgkxIcjI2RXnv59xLnzs_GhPXpzQRQFZ7-68,Everyone,2024-11-22T18:39:12.218054+00:00,UgkxIcjI2RXnv59xLnzs_GhPXpzQRQFZ7-68_image_1,2560,0 0.125 1 0.875,1920,UgkxIcjI2RXnv59xLnzs_GhPXpzQRQFZ7-68_image_2,1920,0.125 0 0.875 1,2560,UgkxIcjI2RXnv59xLnzs_GhPXpzQRQFZ7-68_image_3,1280,0 0.125 1 0.875,960,UgkxIcjI2RXnv59xLnzs_GhPXpzQRQFZ7-68_image_4,1280,0 0.125 1 0.875,960,UgkxIcjI2RXnv59xLnzs_GhPXpzQRQFZ7-68_image_5,2560,0 0.125 1 0.875,1920,2024-11-22T18:39:12.218054+00:00,2024-11-22T18:39:12.218054+00:00,Image,,"{""text"":""Trump is a neo-nazi. Why has our (state) media refused to ride his ass for things like \""fake news\"" (a WWII-era Nazi propaganda word/term)? Don Lemon left CNN, our formerly so-called \""liberal\"" news outlet. They let him do it/win. I'm unhappy with the swing voter-ship. Every other topic on Don's show or NPR references what I've done. How did this happen?""}"
Ugkx--ubJ-fdrNtpSshOTj4x8hukOem3cS65,Everyone,2024-11-05T21:21:18.776585+00:00,,,,,,,,,,,,,,,,,,,,,2024-11-05T21:21:18.776585+00:00,2024-11-05T21:21:18.776585+00:00,Video,z4QSVuzdIrA,"{""text"":""What about Trump's Nazi rally at NYC's Madison Square Garden last week? Melania endorses Harris? BULLSHIT! Here's Hulk Hogan denying it. What does he mean by BROTHER: ""},{""text"":""https://www.youtube.com/watch?v=z4QSVuzdIrA"",""videoLink"":{""externalVideoId"":""z4QSVuzdIrA""}}"
UgkxSCKtFxPxNVa_AiYd_tKw5EvAUAkghs7d,Everyone,2024-11-05T19:37:47.374177+00:00,UgkxSCKtFxPxNVa_AiYd_tKw5EvAUAkghs7d_image_1,1920,0.125 0 0.875 1,2560,UgkxSCKtFxPxNVa_AiYd_tKw5EvAUAkghs7d_image_2,1920,0.125 0 0.875 1,2560,UgkxSCKtFxPxNVa_AiYd_tKw5EvAUAkghs7d_image_3,1014,0 0.263314 1 0.736686,480,UgkxSCKtFxPxNVa_AiYd_tKw5EvAUAkghs7d_image_4,1920,0.125 0 0.875 1,2560,UgkxSCKtFxPxNVa_AiYd_tKw5EvAUAkghs7d_image_5,1014,0 0.263314 1 0.736686,480,2024-11-05T19:37:22.585675+00:00,2024-11-05T19:37:22.585675+00:00,Image,,"{""text"":""McDonald is my cousin's x-husband. He is Trump's family. He took me down, kidnapping me out of the country, without knowing my late father had set me (the boy, of his two daughters; aka, the smart one) on a special operations (ops) mission. He was reading my dad's Florida state election official manual. I remember commenting about what BS it is that they accept a non-photo-id debit card for voting ID. He will be there in Pensacola, where my dad, Dr. Donald Eugene Schmidt, was murdered after eulogizing my mother, Dr. Sarah Jane Sweat Schmidt, on FRIDAY, May 13, 2022, dressed as my dad. FUCK HIM! FUCK TRUMP!!!\n\nRelevant links:\n(1) ""},{""text"":""https://github.com/maxieds/ChameleonMiniLiveDebugger/issues/26#issuecomment-1722385007"",""link"":{""linkUrl"":""https://github.com/maxieds/ChameleonMiniLiveDebugger/issues/26#issuecomment-1722385007""}},{""text"":""\n(2) ""},{""text"":""https://www.youtube.com/watch?v=0Oeg4tMdhs0"",""videoLink"":{""externalVideoId"":""0Oeg4tMdhs0""}},{""text"":""\n(3) (dedication) ""},{""text"":""https://arxiv.org/abs/2209.12287"",""link"":{""linkUrl"":""https://arxiv.org/abs/2209.12287""}},{""text"":""\n(4) ""},{""text"":""https://www.youtube.com/watch?v=kauCzrwGk6A"",""videoLink"":{""externalVideoId"":""kauCzrwGk6A""}}"
UgkxdWQOv7Yv0rkk6570emhmpJhkRCkEcjAN,Everyone,2024-11-02T18:47:37.578755+00:00,UgkxdWQOv7Yv0rkk6570emhmpJhkRCkEcjAN_image_1,1920,0.125 0 0.875 1,2560,UgkxdWQOv7Yv0rkk6570emhmpJhkRCkEcjAN_image_2,1920,0.125 0 0.875 1,2560,UgkxdWQOv7Yv0rkk6570emhmpJhkRCkEcjAN_image_3,2560,0 0.125 1 0.875,1920,,,,,,,,,2024-11-02T18:46:50.00342+00:00,2024-11-02T18:46:50.00342+00:00,Image,,"{""text"":""Has Trump ever had consensual sex before? I saw Stormey Daniels twice last week on the CTA. She is very warm and smiled at me. What am I going to say when they put me up to this? Trump raped her. She signed a NDA for a lot of money. THAT PORN STAR HAS HIV!?! He did that: (Barack - bloody hand hitting Trump for the racial slur in his oval office) BOY! DID I TELL YOU THAT YOU COULD STAND??? \n\r\nHe's going to call the police on POTUSA? Get his dumb ass down to the holding cell in my wine cellar NOW! I have some legal briefs to write! Trump had to go to his 2016 inauguration with girly cover-up to be videoed on his BAD (RIGHT) side because of the black eye. My version of his binding document for Trumpy's soul is better:\r\n- Here's for all the souls you claim you have;\r\n- Here's for all the ones you actually have;\r\n- Here's for your soul. INITIAL HERE...\r\n\n\r\nThat's right, ladies and gentlemen. Barack Obama possesses Donald J. Trump's soul. In print, in triplicate.\r\n\r\nN.b., Jared (Reyes) is a man whore. I do not judge HER: penis meet ladies; ladies meet penis; we'll be on film! :)""}"
UgkxhP4h5Vl6tSDvS5ZtLiEekQy-2CdXuMRB,Everyone,2024-11-02T18:19:32.180589+00:00,,,,,,,,,,,,,,,,,,,,,2024-11-02T18:18:54.846937+00:00,2024-11-02T18:18:54.846937+00:00,Text,,"{""text"":""We pissed out pet cat Elon off yesterday (Watergate and Hell up port 53 - back orrifice). CONFIRMED! The goal was to kick him off his own GOD DAMN platform before the election (2024). He (devil's son; teenage Satan in training) destroyed my backpack. It's taped shut. I'm getting a USAF backpack to replace it. Ships next week. ARMY ASSHOLES AND AIR FORCE JERKS as my high ranking old man would have said. On the day of the dead (today), FUCK TRUMP comes out of Don as a woman... With his middle finger attached; That means penis, Trumpy; THAT'S A WARNING!!!""}"
UgkxtZaZtrz_HbBZxUhE00nBYkoPZKE9ROVy,Everyone,2024-11-01T16:35:43.570717+00:00,UgkxtZaZtrz_HbBZxUhE00nBYkoPZKE9ROVy_image_1,1920,0.125 0 0.875 1,2560,UgkxtZaZtrz_HbBZxUhE00nBYkoPZKE9ROVy_image_2,1920,0.125 0 0.875 1,2560,UgkxtZaZtrz_HbBZxUhE00nBYkoPZKE9ROVy_image_3,1920,0.125 0 0.875 1,2560,UgkxtZaZtrz_HbBZxUhE00nBYkoPZKE9ROVy_image_4,2560,0 0.125 1 0.875,1920,UgkxtZaZtrz_HbBZxUhE00nBYkoPZKE9ROVy_image_5,2560,0 0.125 1 0.875,1920,2024-11-01T16:35:43.570717+00:00,2024-11-01T16:35:43.570717+00:00,Image,,"{""text"":""I told my friends I will think of something to piss our pet cat Elon off before the election (he needs to be neutered). Let me recall him trying to back over me with his Beamer in Albuquerque in reverse, backing forward then back multiple times. I grabbed a sharp rock and popped his tire - you'll be unhappy when I get in the car. I know you guys are doing documentary footage stuff. Do you have video of this somewhere? The car chase is spectacular (by all means). I want the look on his face when I try to pop the second tire and he has to leave! Maybe someone can create an AI re-creation until we locate the real video? That's different than the way he does things. FUCK (THEM) TRUMP!!!""}"
UgkxW-4XUiQRsn7FZuYptx7Za3taGuwTOe4v,Everyone,2024-10-25T15:59:00.575202+00:00,UgkxW-4XUiQRsn7FZuYptx7Za3taGuwTOe4v_image,1080,0.21875 0 0.78125 1,1920,,,,,,,,,,,,,,,,,2024-10-25T15:56:40.794211+00:00,2024-10-25T15:56:40.794211+00:00,Image,,"{""text"":""I like these (Slowburn - The rise of Fox News | 5. Ludacris has been fired):\n(1) ""},{""text"":""https://open.spotify.com/episode/0P4K9kaU4pYuf8sfxwll6x"",""link"":{""linkUrl"":""https://open.spotify.com/episode/0P4K9kaU4pYuf8sfxwll6x""}},{""text"":""\n(2) ""},{""text"":""https://www.youtube.com/watch?v=v8RmrH3vFgU"",""videoLink"":{""externalVideoId"":""v8RmrH3vFgU""}},{""text"":""\nOkay, Kamala. You WIN! I will donate the $47 ($53 - see below) to your campaign as a post-doctoral thirty-something teenager on a shoestring budget. It means that much to me and the democracy.\n\nSEE BELOW: \n(3) ""},{""text"":""https://github.com/maxieds/GEyesThemes/releases/tag/Codename-BackOrifice53"",""link"":{""linkUrl"":""https://github.com/maxieds/GEyesThemes/releases/tag/Codename-BackOrifice53""}},{""text"":""\n(4) ""},{""text"":""https://github.com/maxieds/GEyesThemes/tree/master/FuckTrump"",""link"":{""linkUrl"":""https://github.com/maxieds/GEyesThemes/tree/master/FuckTrump""}}"
UgkxDtOuS2dmXTLzL41VVNWyjLoAygWKA-2U,Everyone,2024-09-28T15:37:03.264594+00:00,,,,,,,,,,,,,,,,,,,,,2024-09-28T15:37:03.264594+00:00,2024-09-28T15:37:03.264594+00:00,Text,,"{""text"":""I ENDORSE KAMALA HARRIS AS OUR NEXT PRESIDENT!!! I check in with people who are undercover FBI on a routine basis. One thing my favorite one of them repeated to me is that Trump's father was a big player in apartheid in South Africa (white minority rule). So why are so many of these uneducated (under-educated) white folk in America so religiously Trump? It's about what he represents coming back to fruition in this country. Project 2025: LOOK IT UP! N.b., JD Vance wrote its foreword.""}"
UgkxkJMmg1ghzbFPqFR04oscIGLNQhxuD9i3,Everyone,2024-09-14T16:10:56.097718+00:00,UgkxkJMmg1ghzbFPqFR04oscIGLNQhxuD9i3_image_1,1920,0.125 0 0.875 1,2560,UgkxkJMmg1ghzbFPqFR04oscIGLNQhxuD9i3_image_2,1920,0.125 0 0.875 1,2560,UgkxkJMmg1ghzbFPqFR04oscIGLNQhxuD9i3_image_3,1920,0.125 0 0.875 1,2560,UgkxkJMmg1ghzbFPqFR04oscIGLNQhxuD9i3_image_4,2560,0 0.125 1 0.875,1920,UgkxkJMmg1ghzbFPqFR04oscIGLNQhxuD9i3_image_5,1014,0 0.263314 1 0.736686,480,2024-09-14T16:10:56.097718+00:00,2024-09-14T16:10:56.097718+00:00,Image,,"{""text"":""Here are some image highlights from this week in Chicago. Anti-semistism and stalking are key. Trump (THE MAN himself) threatened to execute my kids (my cats) at a presidential debate this week. The cats are fine off at camp while Mama finds us shelter. Was that Kamala driving my CTA bus to the liquor store on 9/11? My life is crazy and weirder stuff happens to me all the time. Calling Puff 'n Stuff Gizmo (Gizmodo or Gremlins) and threatening to eat the baby (satanic baby eaters) is something Trump's grandson does routinely. Thank you to Oprah for forgiveness and wanting to pick up three cats (me, George and PnS) and saying we'll rescue the cats too. JD Vance writing the foreword to Project 2025 (2-25) is scary!""}"
Ugkx0S-rXvbhAa9PGIf-1HhXSYJtEkRU2EG6,Everyone,2024-09-01T19:47:49.541962+00:00,Ugkx0S-rXvbhAa9PGIf-1HhXSYJtEkRU2EG6_image_1,1920,0.125 0 0.875 1,2560,Ugkx0S-rXvbhAa9PGIf-1HhXSYJtEkRU2EG6_image_2,2560,0 0.125 1 0.875,1920,Ugkx0S-rXvbhAa9PGIf-1HhXSYJtEkRU2EG6_image_3,2560,0 0.125 1 0.875,1920,Ugkx0S-rXvbhAa9PGIf-1HhXSYJtEkRU2EG6_image_4,1920,0.125 0 0.875 1,2560,Ugkx0S-rXvbhAa9PGIf-1HhXSYJtEkRU2EG6_image_5,2448,0.125 0 0.875 1,3264,2024-09-01T19:46:55.216803+00:00,2024-09-01T19:46:55.216803+00:00,Image,,"{""text"":""Slandering the 555/DV courthouse state attorney's office (Kimberly Foxx) because I am applying for restraining orders in Elon Musk's kid's (Trumpy's grandson's) style. Kid is something that Trump's family use to describe satanic adults. It is exactly what it is. I get released from \""federal prison\"" after the long Labor Day weekend. Thanks for all the support (and passwords - love you Theo de Raadt).""}"
Ugkx-aU5u88UBk-wq0xQuuVTNnwPK6PvU8Rz,Everyone,2024-06-17T21:30:49.558487+00:00,Ugkx-aU5u88UBk-wq0xQuuVTNnwPK6PvU8Rz_image_1,720,0.236457 0 0.763543 1,1366,Ugkx-aU5u88UBk-wq0xQuuVTNnwPK6PvU8Rz_image_2,720,0.236457 0 0.763543 1,1366,Ugkx-aU5u88UBk-wq0xQuuVTNnwPK6PvU8Rz_image_3,1080,0.21875 0 0.78125 1,1920,Ugkx-aU5u88UBk-wq0xQuuVTNnwPK6PvU8Rz_image_4,720,0.236457 0 0.763543 1,1366,Ugkx-aU5u88UBk-wq0xQuuVTNnwPK6PvU8Rz_image_5,320,0 0.125 1 0.875,240,2024-06-17T21:30:49.558487+00:00,2024-06-17T21:30:49.558487+00:00,Image,,"{""text"":""NPR and Bernie are picking up on my online activity today. YouTube (Google lawyer delegate) is improving: Observe the recent Land Before Time VHS reference I wanted (out loud + at library in notes) and my inability to save it to the topical videos playlist because it's for \""kids\"" (as in for \""them\"", adult-aged satanic children of the Muskian age devil); then the new restrictions with subtle references to human trafficking. I am detail oriented. If you want all the small reference \""thingies\"" (technical terms) read the descriptions and all markdown files.\n\nHappy Juneteenth. Let's hope mine is better than the last where Trump wanted to say screw you to me in person: ""},{""text"":""https://github.com/maxieds/ChameleonMiniLiveDebugger/issues/26#issuecomment-1722385007"",""link"":{""linkUrl"":""https://github.com/maxieds/ChameleonMiniLiveDebugger/issues/26#issuecomment-1722385007""}},{""text"":"" (Github/maxieds/ChameleonMiniLiveDebugger - issue #26(00) - last post)\n\nMORE TO FOLLOW HERE: ""},{""text"":""https://github.com/maxieds/public-file-stashes/tree/main/image-gallery-collections/GooglePhotos-maxieds"",""link"":{""linkUrl"":""https://github.com/maxieds/public-file-stashes/tree/main/image-gallery-collections/GooglePhotos-maxieds""}},{""text"":"" (Github/maxiedspublic-file-stashes - Google photos for maxieds gallery - damn it's hard to use Github in a web browser)""}"
UgkxN1LFyNj8i8faU3lYPY8837O5loDdjJ3h,Everyone,2024-06-08T16:32:32.000057+00:00,UgkxN1LFyNj8i8faU3lYPY8837O5loDdjJ3h_image_1,1620,0.125 0 0.875 1,2160,UgkxN1LFyNj8i8faU3lYPY8837O5loDdjJ3h_image_2,2448,0.125 0 0.875 1,3264,UgkxN1LFyNj8i8faU3lYPY8837O5loDdjJ3h_image_3,3264,0 0.125 1 0.875,2448,UgkxN1LFyNj8i8faU3lYPY8837O5loDdjJ3h_image_4,1620,0.125 0 0.875 1,2160,UgkxN1LFyNj8i8faU3lYPY8837O5loDdjJ3h_image_5,1620,0.125 0 0.875 1,2160,2024-06-08T16:32:32.000057+00:00,2024-06-08T16:32:32.000057+00:00,Image,,"{""text"":""The comments about Elon Musk's ketamine and apparent IV drug use with overtones of President Biden revoking/pulling his clearance (before the 2024 election) led his son, Anothony/X, and his boys to stick me with a dirty needle on Tuesday. The sea mask with a hidden needle bite in it is in reference to Mr. Musk's far right space rhetoric and my openly calling the vile little sea slugs to their face. I have to take a month of PEP after high-risk HIV exposure. The medication regimen makes me very sick - physically and emotionally. Incidentally, the place where the dirty needle broke skin was my left (sinister) middle finger. There is an ironic storied history to injuries to my left middle finger around these men, including an ER visit in Atlanta where Megan Ranney dermabonded it after I dropped a clay bowl that he had put plastic explosives on washing dishes during COVID. NPR (WBEZ in Chicago) is obviously with me and the documentary people. They played the Beavis and Butthead intro music on the radio on Thursday (day after angry doctor checkout - people talk - high risk HIV exposure over a social media post? WTF, seriously!). On Friday they played my mom's favorite Nelly song in her SJSS memorial playlist from my channel.\n\nCrap like this happens within a week of Trump's conviction in New York. He should get prison time if the judge considers intimidation actions in sentencing. NPR last night (Friday) had a segment explaining the Trump family's history of treating political opponents and other outspoken people about their objectionable activities and attitudes. They are on point with that! JOHN GOTTI (without respectful pause, I might add, and similarly for ELON MUSK) and my father's involvement in his going away to prison is apparently why my family has been targeted so viciously over the years. Liver-ache is pronounced Liverache to the Italians. They characteristically have no clue (so to speak). MAXIMUM SENTENCE TO ELON MUSK'S SON (TRUMP'S GRANDSON) FOR SEXUAL ASSAULT IN CHICAGO! No kidding :(\n\nHERE WE GO (OBLIGATORY TAGS): ""},{""text"":""#MeTooSis"",""hashtag"":{""hashtagId"":""metoosis""}},{""text"":"", ""},{""text"":""#NoMeansNo"",""hashtag"":{""hashtagId"":""nomeansno""}},{""text"":""\nLINK TO OFFENDING VIDEO COMMENTS: ""},{""text"":""https://youtu.be/RmJS3bCcc3s"",""videoLink"":{""externalVideoId"":""RmJS3bCcc3s""}}"
UgkxTaC87iWT0Ire74N3QGZbHal7gTX1jk-4,Everyone,2024-05-28T17:56:58.163851+00:00,UgkxTaC87iWT0Ire74N3QGZbHal7gTX1jk-4_image_1,1080,0.21875 0 0.78125 1,1920,UgkxTaC87iWT0Ire74N3QGZbHal7gTX1jk-4_image_2,1080,0.21875 0 0.78125 1,1920,UgkxTaC87iWT0Ire74N3QGZbHal7gTX1jk-4_image_3,1080,0.21875 0 0.78125 1,1920,,,,,,,,,2024-05-28T17:56:58.163851+00:00,2024-05-28T17:56:58.163851+00:00,Image,,"{""text"":""(READ ALL RE 3/5 AND ELON MUSK BELOW) The public librarian is one of a number of people reminding me to hang in there and stay positive. She reminded me of the North Branch Natives presentation the Saturday before the second Mother's Day without my mom, Dr. Sarah Jane Sweat Schmidt. The Sun Times Chicago newspaper submission last week (text posted on Github; see links below) boosted supportive gestures from kind strangers in South Shore. Biden is campaigning outside the New York courthouse where Trump's trial is about to conclude. I have heard Trump is likely to get sentenced to time at Riker's Island. NPR (WBEZ in Chicago) is making so many personal references to me this Memorial Day weekend that I am starting to question whether it is AI generated (it isn't). An expression to me is that my old man (late dad, Dr. Donald Eugene Schmidt, murdered after giving a touching eulogy for my mother on FRIDAY May 13, 2022) had me drafted to serve in a special operations mission. He would. His ghost is something I can feel around me now.\n\nMy Github (maxieds/public-file-stashes) analytics log ammo reloads in the ongoing effort to annex the Twitter DMs about January 6, 2021, led Elon Musk to issue another open screw you to me. I removed the phone number from my Google accounts (five of them) and added a non-Gmail recovery address. Nonetheless, with inside information about my phone not working due to a damaged SIM card that needs replacement, I am unable to login to 3/5 (AHEM) of my Google accounts without the redacted number. He had faulty inside information that I needed that account to get a new SIM card. This is what the images are about. The abuse clause NOT multiple accounts phrase wreaks of Mr. Musk and his domineering alpha dictatorship of a personality. Why did 3/5 of the Google trees in my spanning forest have to die to get our pet cat Elon out of the tree with increased awareness from security folks about the X/Twitter info/data war? It's about post-Civil-War SLAVERY and the value of African American merit in the electorate. These men are flaming white supremacists. They are all going Hell when they die. God fearing Americans like me will move on and continue to fear no evil, paraphrasing former president and Chicago native Barack Obama in eulogizing John Lewis in 2020, until these evil people finally get there.""}"
UgkxLXR-YrC5JXKgqLswzJMY4aAGaxGDzhJF,Everyone,2024-05-24T18:16:44.177044+00:00,UgkxLXR-YrC5JXKgqLswzJMY4aAGaxGDzhJF_image,720,0.236457 0 0.763543 1,1366,,,,,,,,,,,,,,,,,2024-05-24T18:16:44.177044+00:00,2024-05-24T18:16:44.177044+00:00,Image,,"{""text"":""South Shore Chicago, Illinois, USA, North America, Earth is very bustling today. IT WORKED! The media is going to kill them: ""},{""text"":""https://github.com/maxieds/public-file-stashes/commit/a1aca1dcaa185967ea8de64b568a79af790d1e89"",""link"":{""linkUrl"":""https://github.com/maxieds/public-file-stashes/commit/a1aca1dcaa185967ea8de64b568a79af790d1e89""}},{""text"":"". They cut me off typing the commit message to truncate the final annexation of the Twitter DMs (because so many more people are paying attention this weekend). Also, a number of personal and Sun Times references on NPR radio today. Check out the confetti on my YouTube studio for the Obama prep work about judicial recalls for light sentences for sexual assault (formerly about a Stanford athlete in California) for Anthony/X getting apprehended. Happier to today, singing Ren and Stimpson J. Cat: Happy, happy, joy, joy...""}"
Ugkx8k1U4DTjFWCwteRW3l_Mn0dPJ2grA4ox,Everyone,2024-05-23T18:01:34.708151+00:00,,,,,,,,,,,,,,,,,,,,,2024-05-23T18:01:34.708151+00:00,2024-05-23T18:01:34.708151+00:00,Text,,"{""text"":""Very welcome supportive gestures: I smiled back at E. Jean Carroll on the Chicago CTA Red Line train back from my therapist appointment yesterday. The week before my aunt made contact by sitting across from me on the Red Line. Family and friends are showing support but keeping a distance because of the way Trump attacks people who played a role in his indictments. My father was in the casino the night John Gotti murdered a homosexual (gay male) federal agent found dead with a pool queue lodged in his colon. He finally went away for that. I recall memories of having been kidnapped by Trump's family as a very young child and getting badly beaten up before being returned. The dramatic readings by Hollywood actors/actresses of Trump's indictments show how I was used without getting to testify using my legal name in open court, e.g., WomanQ. I have had to assume all the risk and penalty as though I had testified in open court. The FBI and supportive people are helping protect me and relocate safely, but this takes time. Trump's people attacking me viciously in South Shore, the area of Chicago where Michelle Obama is from, is his way of saying F-you to Obama. Kind of like sitting on the former president's wife's head in her home town and farting loudly - a gesture that got him put in a holding cell in New York. I plan on donating the tax deductible parts of law suit damages to the Obama Presidential Library. Should be a lot of money.\n\nMy impolite discussions with the therapist may have been overheard. I want to immortalize Barack Obama as a Priapus statue (Roman god) in bronze with his middle finger up (at the Republicans) and a brief case like Ronald Regan. Then we need to impale Donald Trump on Barack's big black cock in a 25-minute-minimum (not 6-maximum as the misogynist rhetoric usually goes) \""slut\"" video. For the territory, this is PG-13 and definitely impolite, like Miss Pelosi being too polite to the Republicans. I say whay I mean: ""},{""text"":""#NoMeansNo"",""hashtag"":{""hashtagId"":""nomeansno""}},{""text"":"", a sorry downgrading of the deprecated ""},{""text"":""#MeToo"",""hashtag"":{""hashtagId"":""metoo""}},{""text"":"".""}"
UgkxZEBWcVu2kJ4FgeTaVRWI-R6Ywo7kgkJd,Everyone,2024-04-27T15:35:00.742945+00:00,UgkxZEBWcVu2kJ4FgeTaVRWI-R6Ywo7kgkJd_image_1,2448,0.125 0 0.875 1,3264,UgkxZEBWcVu2kJ4FgeTaVRWI-R6Ywo7kgkJd_image_2,720,0.236457 0 0.763543 1,1366,,,,,,,,,,,,,2024-04-27T15:32:53.073011+00:00,2024-04-27T15:32:53.073011+00:00,Image,,"{""text"":""The 800-number hotline agent instructed me to go to my local office in person to talk over my benefits application. This is how it turned out: circular logic. I saw Mary Trump on the bus ride back. She's not creepy to be followed around by. Is anyone else scared of the actions outlined in Project 2025 yet? The election is still ahead of us. Trump is selling personalized Bibles to the Evangelicals after 42+1=43 (meaning of life one-ups-man-ship) videos with \""Jesus Christ had a pet turkey\"" in their title the last election before X-mas (you know what I mean).""}"
UgkxieoWrTf6c2RjHjNg-N30E3RdmfTid_Ub,Everyone,2024-04-20T18:35:57.560356+00:00,UgkxieoWrTf6c2RjHjNg-N30E3RdmfTid_Ub_image_1,2448,0.125 0 0.875 1,3264,UgkxieoWrTf6c2RjHjNg-N30E3RdmfTid_Ub_image_2,1620,0.125 0 0.875 1,2160,,,,,,,,,,,,,2024-04-20T18:35:57.560356+00:00,2024-04-20T18:35:57.560356+00:00,Image,,"{""text"":""The very open harassment continues. The Chicago Northside (FCRC) DHS office closed down suddenly the day I had to go two hours each way to renew my benefits. Some people went over there with me to watch me curse. Is this personal for Trump too (not just Elon Musk)? This image was above me on the train coming back. So, yes, apparently. Other sights on the bus over there include the following open Nazi gestures: The People's Gas Chamber sponsored by Sweedish hospital and Wolfy's restaurant featuring Vienna Beef hot dogs. It never ends with these people.""}"
UgkxWb0ebheMEP_J_6Z6BkZ87fOGyIo4pUPL,Everyone,2024-04-16T17:32:52.843473+00:00,UgkxWb0ebheMEP_J_6Z6BkZ87fOGyIo4pUPL_image_1,710,0.231264 0 0.768736 1,1321,UgkxWb0ebheMEP_J_6Z6BkZ87fOGyIo4pUPL_image_2,1620,0.125 0 0.875 1,2160,UgkxWb0ebheMEP_J_6Z6BkZ87fOGyIo4pUPL_image_3,1080,0.21875 0 0.78125 1,1920,UgkxWb0ebheMEP_J_6Z6BkZ87fOGyIo4pUPL_image_4,1080,0.21875 0 0.78125 1,1920,UgkxWb0ebheMEP_J_6Z6BkZ87fOGyIo4pUPL_image_5,1080,0.21875 0 0.78125 1,1920,2024-04-16T17:32:17.814245+00:00,2024-04-16T17:32:17.814245+00:00,Image,,"{""text"":""Federal ACP benefits are ending. In Illinois state, ACP benefits give qualified residents access to a laptop for about $11/USD out of pocket. Incidentally, an email about the loss of ACP benefits was sent out to me over email the day a family member sent me a check with enough to get a proper laptop again (not at the start of April). The Don Lemon Show interview with Elon Musk contained many personal digs at me including a reference to my late mother's doctoral thesis. This is very clearly not a coincidence to me. The settings app on my \""darkweb ipad\"" also started flagging my account to update my phone number yesterday (which I will lose after ACP benefits end). Other government assistance is hard to maintain because of a recent ban of my email which includes a dash/hyphen character. This wreaks of voter suppression type activities by the Republicans. I have to go out of my way on a two hour public transit trip each way to go to the DHS office in person in Chicago. FUCK TRUMP-MUSK! I find some comfort in knowing that these men are going to hell when they die.""}"
Ugkx3syTQQ3k1bZaDPXNnaZ0HYrV0fBzX-ac,Everyone,2024-03-30T20:37:03.767808+00:00,Ugkx3syTQQ3k1bZaDPXNnaZ0HYrV0fBzX-ac_image_1,720,0.236457 0 0.763543 1,1366,Ugkx3syTQQ3k1bZaDPXNnaZ0HYrV0fBzX-ac_image_2,960,0 0.25 1 0.75,480,Ugkx3syTQQ3k1bZaDPXNnaZ0HYrV0fBzX-ac_image_3,960,0 0.25 1 0.75,480,Ugkx3syTQQ3k1bZaDPXNnaZ0HYrV0fBzX-ac_image_4,960,0 0.25 1 0.75,480,,,,,2024-03-30T20:37:03.767808+00:00,2024-03-30T20:37:03.767808+00:00,Image,,"{""text"":""Is the first verified Youtube Studio image a sign that my federal government has classified me into obscurity as I did not want for my data here: ""},{""text"":""https://github.com/maxieds/public-file-stashes?"",""link"":{""linkUrl"":""https://github.com/maxieds/public-file-stashes""}},{""text"":"" We have feds and hackers working at/near me in South Shore of Chicago (where Michelle Obama is from). The verified green check mark is what concerns me. It also appears on my recent Github/maxieds commits after this information became very public: ""},{""text"":""https://github.com/maxieds/public-file-stashes/blob/main/ipad-darkweb-analytics-logs/new-year-2024-rhymes-with-hey-lon_contd_v3/README.md"",""link"":{""linkUrl"":""https://github.com/maxieds/public-file-stashes/blob/main/ipad-darkweb-analytics-logs/new-year-2024-rhymes-with-hey-lon_contd_v3/README.md""}},{""text"":"". Github has done stuff like that to me before after filing FBI tip reports in Atlanta: ""},{""text"":""https://github.com/maxieds/InMemoryOfCrazyPrePandemicFlorida"",""link"":{""linkUrl"":""https://github.com/maxieds/InMemoryOfCrazyPrePandemicFlorida""}},{""text"":"". The counts surely must have a NYC/Trumpian scaling factor as in a New York minute or x1000$/USD. This is obvious to me because another network connection showed 1M+ views of some of the Stormy Daniels videos I posted the week Snoop came to the library in support of Cali weed... I expect the Off the Hook guys to crap a big brick of gold (so to speak) this week about the idea that your government can disappear or classify or validate (like chimerax usage) civillians personal public and social media posts online. Perhaps Google did this for little space shits like Anthony/X this election year? \n\nI need to post some annotation comments on the Youtube video of Don Lemon interviewing Elon Musk. His remarks are almost all jagged and personal towards me with references to even my late mom's doctoral thesis from the 1980's. The link to the Github comments about the Twitter/Trump DMs above may have been why he lost his s-it? We also need to talk more about Gremlins in Chicago and stolen (now black market) classified technology from Washington DC (from the Pentagon, it would seem :() during the January 6, 2021 insurrection at our USA (not US) capitol during President Biden's inauguration. I do not have the energy for that today. I think our military was pretty pissed off at Trump's father for Gremlins in New York in the 1970's. One of his actress daugters and a better looking copy of Elon Musk holding Gizmo (original Grimm's Fairytales translation into English: I'm going to eat you!) is in the Gremlins's NY, NY clip on one of my playlists. \n\nHave a great rest of the holiday weekend! Come to Chicago to honor our efforts to fuck Trump this election year :)""}"
UgkxTN9VGgKkPswHdPXyya_jdxGmRXrJRny4,Everyone,2024-03-21T21:06:15.51072+00:00,,,,,,,,,,,,,,,,,,,,,2024-03-21T21:06:15.51072+00:00,2024-03-21T21:06:15.51072+00:00,Text,,"{""text"":""For the second time since moving to Chicago, the tinted Tesla windows on the Red Line subway made me look like one of the pre-humanoid aliens advertised on the History Channel. The next time it happens, I will document it with a picture. I interpret this not as an aggrandized salute for me to sit around and feel proud of, but instead as an invalidation of my existence in the same sense as Paypal/Twitter/GooglePlayStore (or chimerax) verifying my existence on this planet. These people are neo-nazis.""}"
UgkxPWUTZlHNt-tp91O_4G2jLLt-ohSnzx76,Everyone,2024-02-27T21:04:55.605257+00:00,UgkxPWUTZlHNt-tp91O_4G2jLLt-ohSnzx76_image,1080,0.21875 0 0.78125 1,1920,,,,,,,,,,,,,,,,,2024-02-27T21:04:55.605257+00:00,2024-02-27T21:04:55.605257+00:00,Image,,"{""text"":""HINT: It's about test results for viral antibodies I had to get done within the last month. This is the type of psychopath/sociopath who gets a debilitating disease and wants nothing more than to give it to everyone (in LA, in Hollywood, Hell, etcetera). Stormey Daniels was bribed for a different set of reasons involving his penis. It's all about his fallice. Pound (HASH-TAG-MARK) on his peni, pound on his peni, pound, pound on their penis! See my playlists for details.""}"
UgkxnPvJxGn61rqsR7NZ2cFRMtMRqCsIeFRr,Everyone,2024-02-26T18:35:33.080922+00:00,UgkxnPvJxGn61rqsR7NZ2cFRMtMRqCsIeFRr_image_1,634,0.169792 0 0.830208 1,960,UgkxnPvJxGn61rqsR7NZ2cFRMtMRqCsIeFRr_image_2,1334,0.1665 0 0.8335 1,2000,UgkxnPvJxGn61rqsR7NZ2cFRMtMRqCsIeFRr_image_3,619,0.218636 0 0.781364 1,1100,UgkxnPvJxGn61rqsR7NZ2cFRMtMRqCsIeFRr_image_4,797,0.167917 0 0.832083 1,1200,,,,,2024-02-26T18:35:33.080922+00:00,2024-02-26T18:35:33.080922+00:00,Image,,"{""text"":""Anyone else know what this means? My quote inside information is something I was never given the option to opt-into.""}"
UgkxLIE8n7AvhDxK8P99awz7_jMw_raSrfkp,Everyone,2024-02-23T17:04:38.220584+00:00,UgkxLIE8n7AvhDxK8P99awz7_jMw_raSrfkp_image_1,2448,0.125 0 0.875 1,3264,UgkxLIE8n7AvhDxK8P99awz7_jMw_raSrfkp_image_2,1944,0.125 0 0.875 1,2592,UgkxLIE8n7AvhDxK8P99awz7_jMw_raSrfkp_image_3,960,0 0.25 1 0.75,480,UgkxLIE8n7AvhDxK8P99awz7_jMw_raSrfkp_image_4,960,0 0.25 1 0.75,480,UgkxLIE8n7AvhDxK8P99awz7_jMw_raSrfkp_image_5,960,0 0.25 1 0.75,480,2024-02-23T17:04:38.220584+00:00,2024-02-23T17:04:38.220584+00:00,Image,,"{""text"":""Jesus Christ had a pet turkey? Fining and intimidating innocent people for feeding Jesus' family in New York and Chicago where Trump has his towers? YES! This is the age we live in! Scroll through to view all the images, including Trump on the cover of WSJ last year.""}"
UgkxfAABq2UfKLpjuMchx-rEXQa_GU889CUI,Everyone,2023-12-23T20:06:07.799632+00:00,UgkxfAABq2UfKLpjuMchx-rEXQa_GU889CUI_image_1,720,0.236457 0 0.763543 1,1366,UgkxfAABq2UfKLpjuMchx-rEXQa_GU889CUI_image_2,720,0.236457 0 0.763543 1,1366,UgkxfAABq2UfKLpjuMchx-rEXQa_GU889CUI_image_3,720,0.236457 0 0.763543 1,1366,UgkxfAABq2UfKLpjuMchx-rEXQa_GU889CUI_image_4,704,0.2184 0 0.7816 1,1250,UgkxfAABq2UfKLpjuMchx-rEXQa_GU889CUI_image_5,704,0.0475578 0 0.952442 1,778,2023-12-23T20:06:07.799632+00:00,2023-12-23T20:06:07.799632+00:00,Image,,"{""text"":""More good information to follow soon. Liz Cheney closed many X-Files and took me off Adderall for about two months over the ChimeraX on Github/maxieds:\n\n(1) ""},{""text"":""https://github.com/maxieds/public-file-stashes/tree/chimerax-datamine-apkzips"",""link"":{""linkUrl"":""https://github.com/maxieds/public-file-stashes/tree/chimerax-datamine-apkzips""}},{""text"":""\n(2) ""},{""text"":""https://github.com/maxieds/public-file-stashes/tree/markdown-drafts"",""link"":{""linkUrl"":""https://github.com/maxieds/public-file-stashes/tree/markdown-drafts""}},{""text"":""\n\nThe Republicans (and Aristocracy from Hell, Yellowstone proper, like her) need to cover their asses big (big big) time before this blows up in their faces bigger than they can fix. I am useless off this drug with narcolepsy. They know this (erm). I am being encouraged to stay away from CRIMINAL court in Chicago. Trump is a neo-Nazi (see the accurate WSJ newspaper cover taken in DC this month - shockingly Hitler/Nazi-eqsue). \n\nThanks Uncle Kevin! Merry Christmas! Happy New Year 2024!""}"
UgkxoH7t1zH0r03LcR79JKTooBL7W_swN2DH,Everyone,2023-11-30T20:17:14.614355+00:00,UgkxoH7t1zH0r03LcR79JKTooBL7W_swN2DH_image_1,720,0.236457 0 0.763543 1,1366,UgkxoH7t1zH0r03LcR79JKTooBL7W_swN2DH_image_2,720,0.236457 0 0.763543 1,1366,UgkxoH7t1zH0r03LcR79JKTooBL7W_swN2DH_image_3,720,0.236457 0 0.763543 1,1366,,,,,,,,,2023-11-30T20:17:14.614355+00:00,2023-11-30T20:17:14.614355+00:00,Image,,"{""text"":""Nothing is that surprising anymore. It's the usual circus and anti-clever pseudo-intellectual antics we should expect with a reality TV star, sexual predator and brutal genocidal murder on trial for a few of his most recent misdeeds on this Earth. How many people can distinguish the difference?""}"
UgkxcmQu1cZf4wqnT6UsOUMZeybl2D4CCOn9,Everyone,2023-11-29T21:11:03.86503+00:00,UgkxcmQu1cZf4wqnT6UsOUMZeybl2D4CCOn9_image_1,2448,0.125 0 0.875 1,3264,UgkxcmQu1cZf4wqnT6UsOUMZeybl2D4CCOn9_image_2,2448,0.125 0 0.875 1,3264,UgkxcmQu1cZf4wqnT6UsOUMZeybl2D4CCOn9_image_3,2448,0.125 0 0.875 1,3264,UgkxcmQu1cZf4wqnT6UsOUMZeybl2D4CCOn9_image_4,2448,0.125 0 0.875 1,3264,UgkxcmQu1cZf4wqnT6UsOUMZeybl2D4CCOn9_image_5,642,0.186523 0 0.813477 1,1024,2023-11-29T21:11:03.86503+00:00,2023-11-29T21:11:03.86503+00:00,Image,,"{""text"":""I saw the same swastika style marking on the forehead of President Joe Biden while making a trip to meet with my lawyers the day before Thanksgiving (11/23/2023 - my late mom's birthday) last week in Chicago. The first anti-Semitic images were put up near the shelter I stayed at within a few weeks of my arrival into Chicago in April/May of 2023 (recall, I left Florida on a flight through Atlanta getting into the custody of UNICEF in a wheel chair). I was unable to go out to get groceries that day due to re-routing and closures of the CTA/Red Line subway system over apparent violent threats to passengers. When I walked back to the bus stop to go home instead, I encountered (not unsurprisingly) a protest of a few Middle Eastern men with signs (Fuck Biden image) and loud rap music blaring: \""Free, free Palestine!\"" I honestly wonder if this was because of the videos and files (github/maxieds/public-file-stashes - see non-main branches) I posted that week, or otherwise because I have finally gotten in touch with much needed legal resources in Chicago. The last time I came close to getting legal advice on my since badly broken and hacked AndroidGo phone, a bomb threat was called into the Chicago Public Library where I had reserved a private space to make the phone calls. \n\nI have supported the Ukraine with messages in the pull requests to github/emsec/ChameleonMini for the DESFire emulation support. The day after I did that for the first time in 2022, a Russian oligarch was featured on CNN on my ROKU television feed wanting to know (as in directing the question at me) if I knew what the war in Ukraine was really about. Genocide and ant-Semitism (hate groups and speech, in general) are unacceptable across the board - no question. China backed the special operations mission into South America last year and they are known allies of Asian nations. I have speculated for a while that the distinctly anti-Russia rhetoric of the war in Ukraine is what was needed to get this topic into mainstream coverage in the pro-Trump (state media) dominated news in the US/USA. The same style of hate symbolism used on both Putin and Biden's images this year (2023) suggest that my intuition is correct here. \n\nThe NPR and CNN/Fareed-GPS podcasts the last month or two have led to my observable annoyance listening to Iranian hate artists go on about their toils and support making individuals social pariahs over being so-termed \""self-hating Jews\"" (F-UCK you, Jasper/Jafar, and the G-dDamn accent, man!) If you listen carefully to these pleas that somehow make it into mainstream news coverage in the USA without discussion or summary from anchors, what they are saying is intended to confuse. Yet another example of the Fox News style assault on listeners who just want the key bullet points of the discussion. We really need to have more frank and free discussion of this in the country. Trump and the anti-Semistism (hate rhetoric and its violent consequences, like January 6, 2021) are not going away on their own. \n\nThanks for reading this far :)""}"
UgkxAGvUHkpPLOZ8GS-oLvjNyej-YKpdZMTD,Everyone,2023-11-22T01:16:22.558013+00:00,,,,,,,,,,,,,,,,,,,,,2023-11-22T01:16:22.558013+00:00,2023-11-22T01:16:22.558013+00:00,Text,,"{""text"":""Two podcasts worth listening to: Refuse Fascism and 2600 Off the Hook (when the boys are prepared that week - give or take).""}"
UgkxRYHs7wvBJ8U9iGzicvwS7mcdbuOfEGkA,Everyone,2023-10-16T16:29:47.525906+00:00,UgkxRYHs7wvBJ8U9iGzicvwS7mcdbuOfEGkA_image_1,710,0.230038 0 0.769962 1,1315,UgkxRYHs7wvBJ8U9iGzicvwS7mcdbuOfEGkA_image_2,1080,0.21875 0 0.78125 1,1920,UgkxRYHs7wvBJ8U9iGzicvwS7mcdbuOfEGkA_image_3,720,0.21875 0 0.78125 1,1280,,,,,,,,,2023-10-16T16:29:47.525906+00:00,2023-10-16T16:29:47.525906+00:00,Image,,"{""text"":""I have been more or less offline and not paying close attention to NPR and CNN news feeds. I had not realized how absolutely devastating the casualties are with the crisis in Israel. Here is a shocking first result from Google for information (first image). \n\nIt turns out that I sent some \""private\"" (ahem) emails to people I have corresponded with before about my traumatic experiences the last few years, with much elaboration and then some timely comments about the surge in coverage of non-specific \""AI\"" technology deployment. I have to put up with X (something indecipherable) Musk and his bullsh-t on my devices, above my apartment, in Tesla and red Range Rover traffic that surround me walking down the street to go to my closest public library. These men are not only high, but are of the type that are so domineering and controlling down to the minutia of my day-to-day life. Moreover, they think they can game me at the technical things I do so well at taking apart. Today, I'm going to start posting some screen record videos of absurd BS on my Android Go cell phone (second image). This device has me square-thingy-barcoded, all sorts of crazy settings, the ability to broadcast/receive frequencies of way too many promiscuous sorts, non-human-range frequency generation capabilities with the very bright LCD screen (Elktronics LED light strips: ELK-BLEDOM, his personality to use that naming convention instead of freedom), GPS satellite configuration and presumably control abilities if I had correct permissions on my own device (he cannot have been so stupid as to leave that on my device for the convenience of his desire to put me, in Illinois state USA, in the Ukraine via my GSM -- when did we get that in this country??? -- phone; al Qaeda have been known to pursue classified satellite operation software for decades; this man is a terrorist), and other apparent niche settings that are all too easy to tweak. Note that darkweb connections come with geographic location data about the node (in my experience). Also, QR codes are location based. Then should we get concerned with Android Go tagging every phone out of the box with a These videos are getting appended to the (AT)kevin playlist linked here: \n\n++ LINK: ""},{""text"":""https://www.youtube.com/watch?v=Rmmm4oraikM&list=PLKuEX1pHu60ora2BpfYO6qsQENGbe02MC"",""videoLink"":{""externalVideoId"":""Rmmm4oraikM"",""externalPlaylistId"":""PLKuEX1pHu60ora2BpfYO6qsQENGbe02MC""}},{""text"":""\n\nREFERENCE POINTS ABOUT MY INCREASINGLY PISSY MOOD THIS MORNING:\n\nNote some personally identifying lines are omitted to protect the innocent. The gist of the messages is still contained below.\n\n++++ Email ONE:\n\nAre you living in the USA? I could use a reference point for your tolerance / day-to-day awareness and/or bullshit meter threshold with respect to discussion of American politics right now. I expect Europeans to have a different perspective, but unfortunately we do not get access to that bias here. One of the only times I recall anyone breaking form (as though in admission that what was clear to see going on around them is abnormal or wrong) when my cat and I were trapped in Bogota earlier this year speaks to that idea. A French nun wearing no face covering (in contrast to the not atypical sighting there of a Middle Eastern woman who had paid to enter and participate in a safari adventure) was overtly taking video of me outside from a window in an adjacent hotel.\n\nIf you are not familiar, the USA is deeply divided and (recently openly) erring towards the operation of a fascist state. This is to say that attitudes and behaviors that would have been considered to be far right, extremist ideology ten years ago has moved to the middle of the road (so to speak) all whilst a lot of good people seem to have gone missing in action as of recent. It's really like 1984 forty years after its tragic fruition under Regan's l\nnose (again, so to speak). All news outlets are dominated by parent companies or boards that are pro-Trump (read: pro-Nazi). There is very little dissemination of information nor coverage about anything life saving topical across all major news outlets. NPR radio recently comes closet to solid coverage. \n\nThe insurrection (the term by CNN to describe the extremist riots in DC and across the country) at Biden's inauguration in January of 2021 was a bloody siege lasting over a week. The worst of what really happened, like consequences of Trump's power to deploy the American military to suppress civilians in large cities and divert enough troops away from DC to counter an estimated 3M+ violent opposition to the democratic proceedings, is never touched on if ever only with much hesitation in whispered voices. There is a gruesome telltale artifact in the Chicago Roosevelt subway station for those who brought to my direct attention for me to go down to that location prepared to look closely. An a-bomb fallout sign of a vaporized (in black ash) human body into the concrete side wall can be seen clearly. Elon Musk has been spreading QANON type rhetoric about Tesla tunneling underground (pre Mars space venture attempt) to create moving caskets to circulate dead bodies beneath the crust of the Earth. The last year I was in Atlanta, he apparently bailed on the project as an expensive failed effort. In contrast to Republican zealotry and brain washed recitation of absurd ideology as absolute truth, I recognize (and take the hints) that, yes, this happened, but choose to qualify requisite questioning of the other side of the isle with there being an unknown variable which is when they did it? NPR radio makes quick mention (and they obviously do it intentionally) to Biden on television being an actor in a mask (hush, hush; wink, wink observant children). There have been some very strange videos broadcast the last few years of Biden using speech is very much unlike the charismatic leader we saw at the upbeat 2020 presidential election victory assembly beside Kamala Harris. Some people have pointed out to me this year that videos are being disseminated online of an attempted public address made during the insurrection by Kamala Harris starting with the line: Today is September 11, 2001 (i.e., the capitol seige was a terrorist attack). Why would our vice president have been the leader to address the nation in place of President (elect) Joe Biden?\n\nThe Refuse Fascism podcast provides good focused analysis (including mention of Musk's underlying modus operandi -- n.b., completely consistent with my personal experiences -- and the FBI, say at least Comey era and beyond, having a pronounced political bias). NPR has also made some mention of WWII era shortwave radio broadcasts by the Nazis to England and the USA through programming by Charlie and His Orchestra. There are references it which seem to have somehow skipped being passed on to the next generations as relevant historical context in Sandinista by The Clash and in samples from Big Audio Dynamite songs like V-Thirteen: Check out ""},{""text"":""https://m.youtube.com/watch?v=V_UDpOXPrqI"",""videoLink"":{""externalVideoId"":""V_UDpOXPrqI""}},{""text"":"". This important reference finally allows me to pin down and explicitly point to what it has always been about Trump's hateful mannerisms and speech patterns that made me take pause and speak out against him as a political candidate. I learned this week that Trump's father (daddy whom was a draft dodger) was an influential investor in South African apartheid.\n\n++++ Email TWO:\n\nHave you been paying attention to the sudden barrage of discussion about AI? Musk noted last month that there will be human rights issues, while Zuckerberg chills with honesty that Facebook will continue to profit off the technology deployment and that Congress should act to regulate away any risks to humans (this is reactive and never worked before). The term AI is never precisely defined, even in layman's terms. It certainly is not the CS research area reference point some might otherwise be inclined to assume without qualification of the use of the term. \n\nSome noteable people have signed a one sentence protest to planned AI (whatever it actually entails this year) insertions into daily life. Here is what it says: Mitigating the risk of extinction from AI should be a global priority alongside other societal risks such as pandemics and nuclear war.""}"
UgkxSPC-dG_TBflpYxj8pbunnWj9TvzL26mn,Everyone,2023-10-10T22:52:53.359651+00:00,,,,,,,,,,,,,,,,,,,,,2023-10-10T22:51:32.308942+00:00,2023-10-10T22:51:32.308942+00:00,Video,wBF-QY5zmyY,"{""text"":""Also mentioning this epic live performance of The Clash: \n++ LINK: ""},{""text"":""https://youtu.be/wBF-QY5zmyY?si=dtX444CtlyVP0TtV"",""videoLink"":{""externalVideoId"":""wBF-QY5zmyY""}},{""text"":"" [VIDEO ID wBF-QY5zmyY, SI dtX444CtlyVP0TtV]\n\nFollow-up summary clips featuring David Lee Roth with Van Halen opening his mouth to endorse the Apple / HornsHoovesAndPointyTailedWozTroll sponsored pre-8080-x86-vr-horrors musical fest:\n++ LINK: ""},{""text"":""https://youtu.be/vhpaSDYvwaE?si=vqKyTuDYwV-yvXA2"",""videoLink"":{""externalVideoId"":""vhpaSDYvwaE""}},{""text"":"" [VIDEO ID vhpaSDYvwaE, SI vqKyTuDYwV-yvXA2]\n\nCan we go back to software based multicore with 4X 733Mhz PIII chips like the first generation Microsoft Xbox I bought to run Linux for my mom on her big screen TV in 2003 (GPUs were/are awesome in cluster)? The Quantum/Fireball HDD bearing P4 right as Napster hit big in suburbia had MMX extensions with a 160W AC power supply for 1998. i8 Core desktops now have strange CPU cooling dongles and 85W power supplies. Also, someone from CS@UCSB bragged about Intel execs freaking about breakout opcodes (the password) for emulators and essentially reflashable FPGA ISAs for their hardware (ARM, similarly). I do not like the technology missing AMD Athlon machines put together by hand with screwdrivers and ThinkGeek sourced MEGA caffeine. Why are technical novices (of the simplistic first order classifier TYPE) so cocky with access to anything/anyone on this planet daddy's 1980's cocaine excess of a bitcoin wallet will fund when they are not skilled enough to build nor understand how the internals actually work? I suppose thirty-something teenage me is going to stay pissed off in life.""}"
UgkxKfD75VepYfzKAlCdbqr0sloAvp2zfAxc,Everyone,2023-10-10T22:23:51.071035+00:00,UgkxKfD75VepYfzKAlCdbqr0sloAvp2zfAxc_image,621,0.221774 0 0.778226 1,1116,,,,,,,,,,,,,,,,,2023-10-10T22:22:47.705985+00:00,2023-10-10T22:22:47.705985+00:00,Image,,"{""text"":""So, wrapping up for the afternoon...\n\nOn my annotation of of God being a woman in the form of: Look up, look down, and ask yourself where you're going? Some (these, we know pretty well) men look up, look down and call me a bitch. BTW: Only the arrogance of men (man, and the most toxically masculine of them) would assert that God is a patriarch. God, from the heavens looking down beneath impregnates a mortal woman to give birth to his son? More likely, we think, God took human form as a woman to go through the labor herself. Note, that the Torah (that is in the first five of the Christian Bible) states that God is neither man nor woman with a name that we humans would be unable to speak nor understand. The personification of our supreme deity as human like is very shallow, really. I personally believe she's here (on Earth) over all this. I suppose we shall all get to see whom ends up where and what turns out.""}"
UgkxHmcX5Wg5hGGNbSK5tttw2hO-EFavG8d2,Everyone,2023-10-10T22:15:36.535223+00:00,UgkxHmcX5Wg5hGGNbSK5tttw2hO-EFavG8d2_image_1,1080,0.21875 0 0.78125 1,1920,UgkxHmcX5Wg5hGGNbSK5tttw2hO-EFavG8d2_image_2,1080,0.21875 0 0.78125 1,1920,UgkxHmcX5Wg5hGGNbSK5tttw2hO-EFavG8d2_image_3,621,0.208177 0 0.791823 1,1064,UgkxHmcX5Wg5hGGNbSK5tttw2hO-EFavG8d2_image_4,1520,0 0.263158 1 0.736842,720,UgkxHmcX5Wg5hGGNbSK5tttw2hO-EFavG8d2_image_5,1520,0 0.263158 1 0.736842,720,2023-10-10T22:15:36.535223+00:00,2023-10-10T22:15:36.535223+00:00,Image,,"{""text"":""What does the term 'billionaire' really refer to in far right circles? Well, my likely close inference based on the back of a Crayola crayon box the day I had a court data with Todd (Toe) / Hitler colors and facial hair to get out of prison with Geraldo Rivera laughing satanically awkward at me acting as my attorney is about genocide: a solar / star stunning 3B wax crayons (women) and 700M markers (men) turned into 'renewable energy'. Kind of like a 'foundation' in the sense of 1950's era and beyond Gringo Jones insults to many construction workers. Note that Melinda Gates stated publicly she wouldn't give her half of the pre-divorce estate to 'charity' (up is down, east is west -- in Alice in Wonderland -- about Satanism). Good for her. I still have unresolved questions on how to interpret Jeff-Bezos-moon-launch and Chernobyl-esque-Ukraine-green-screen-nuclear-power-plant-live-bombing-coverage with (Miss) Anderson (Vanderbilt) Cooper and the horrified Sanjay Gupta towards Bill Gates on pandemic CNN about vaccines likened to mosquito net coverage in Africa. \n\nIncidentally, the data structure of nested circles (as in: to which maximal circle of Hell do you belong in Facebook) can be justified by the CEO/founder as reasonable by his preferred model. And he paid a Microsoft Research scholar to find him the optimal way to get it done given the design decision. \n\n---- TODO list plus plus: ---- \n\n++ My father's way of explaining the meaning of the word no (right to choose in that sense) to men that raped his Vietnam girlfriends in Thailand. It involved a demolitions expert, plastic explosives, disorienting drugs to let them wake up wondering how they got there, and a 30-minute timer to countdown their decision on whether to cut their own testicles off, or otherwise, lose everything. My mother's intelligence and my father's personality -- the best of both worlds, they remark.\n\n++ Also, insider conversations about why (KING OF, not just KING) all media, Howard Stern, hates Trump as of 2020. Flattery to the Trumpster. Met by him retorting back to the admirer, for her to look around at all the beautiful women in the room; he wouldn't even let her suck his dick. Then he pins her down. The secret service may have been guarding the doors to the penthouse suite. I didn't ask explicitly... Note to New Jersey: The charges involving the pornographic actress, Stormey Daniels, are about writing Al Capone up over the rise of Nazism in America (USA proper). Children (kids), they lie, if you let them!\n\n++ Some overworked pre-law student interning in a congressional office (near Stanford, maybe?) might be able to find a snippet to reconcile what this last image gallery link is about. Ladies and gentlemen, the FCC may not have an opinion at the time. Whom else was watching me covertly on that badly hacked Moto cell phone while the SMS exchange went down? Perhaps some red haired snowboarder named Jason Zych? Minimally, definitely, yes:\n++ LINK: ""},{""text"":""https://postimg.cc/gallery/ZfgjP78"",""link"":{""linkUrl"":""https://postimg.cc/gallery/ZfgjP78""}},{""text"":"" (LINK DESCRIPTION: PostImg-cc-gallery-ZfgjP78)""}"
UgkxGUxqefMvlxujGLwKII127RJgBvu35s-w,Everyone,2023-10-10T21:37:37.695694+00:00,UgkxGUxqefMvlxujGLwKII127RJgBvu35s-w_image,615,0.242893 0 0.757107 1,1196,,,,,,,,,,,,,,,,,2023-10-10T21:37:37.695694+00:00,2023-10-10T21:37:37.695694+00:00,Image,,
UgkxeLVLD2m0q57Q60UlifzoS9CgW71lv1RP,Everyone,2023-10-10T21:36:19.353341+00:00,UgkxeLVLD2m0q57Q60UlifzoS9CgW71lv1RP_image_1,628,0.158324 0 0.841676 1,919,UgkxeLVLD2m0q57Q60UlifzoS9CgW71lv1RP_image_2,583,0.191534 0 0.808466 1,945,UgkxeLVLD2m0q57Q60UlifzoS9CgW71lv1RP_image_3,583,0.191534 0 0.808466 1,945,,,,,,,,,2023-10-10T21:36:19.353341+00:00,2023-10-10T21:36:19.353341+00:00,Image,,"{""text"":""The Google Drive access/login page for the account I used to stash the darkweb ipad files earlier this year (after Florida) will let me view my own files again. About a month ago, I was propositioned to request (whom, precisely?) an unspecified external deity of my account access to Drive, though not Gmail. I wanted to document that F-up of Google's accounting for recently created (let's call this 2013 and beyond) accounts which are intended to be more disposable than ever. The maxieds username I registered in 2005 has only minor annoyances, such as those we recount (less famously, but still pissed off enough about the situation) here:\n\n++ LINK: ""},{""text"":""https://github.com/maxieds/GEyesThemes/tree/master/FuckTrump"",""link"":{""linkUrl"":""https://github.com/maxieds/GEyesThemes/tree/master/FuckTrump""}},{""text"":"" [LINK DESCRIPTION: Github-maxieds-GEyesThemes-subdirectory_FuckTrump]\n\nLittle Zach (of 'lil X and 'lil Y dropping a rap album with red hair and Hellraiser cornrows fame: Yeah, I'd do the recording. And, no, I wouldn't release it... What if we dropped a single? To some hesitation) wouldn't f-ck that one up today. Daddy might come down (as well he should - double entendre - new word up for the boy, teenage Satan in training) to kill him over it, right? Tell the kid no, or something. Even meaner as Tool would have sung in 1996: Learn to swim, a-shole(s)!\n\n---- My TODO list to data mine (or have someone with the master key password excavate for me, better yet) includes the following: ----\n\n++ (TODO) Find a video like the one I remember seeing on CNN in 2015 (possibly through ROKU TV) showing the eerie 503/Jalesco death cab imagery I narrowly avoided in 'Casper WY' at the hands of a uniformed Church of Satan member who knew McDonald personally. Turns out, just like the Twilight Zone episode with the man and his dog who keep walking, Hell wouldn't take the cat -- and I'm not leaving without Kushy Bear coming with me. \n\n++ (TODO) Similarly, 2013-era NASCAR on ESPN scenery from Yellowstone National Park (South America, we think somewhere in Colombia, or possibly Argentina, or Antarctica) with jeering crowds, Mark Martin for mayor, T-Rex (dino extinction reference) and yellow colored clothing with gorilla masks. Surely, something to point to is online somewhere off search engine censored link deletion policy sites. Stay off main street?\n\n++  (TODO) Go back to my handwritten notes to recover the full text of the Spokeo link for Missy Schmidt (and her relatives) I found listing me as a slave for purchase in 'Casper WY'. It was pasted into the federal employee / Tesla navigation video (below) full text as Debbie Fox bullied me out of my paid hotel room in Casper with a badly shattered right elbow. I remember trying to preserve a copy (one attempt went through) on the local network's version of archive.org sitting at a computer lab in the WyoRescueMission (more links to their network internals and accounting architecture when I get back around to it). The animal control people in Casper were very, very good and extremely kind to me and Kush both - thank you so much for that :) \n++ LINK: ""},{""text"":""https://youtu.be/kauCzrwGk6A"",""videoLink"":{""externalVideoId"":""kauCzrwGk6A""}},{""text"":"" [VIDEO ID: kauCzrwGk6A]""}"
UgkxJzctyNasOTdRYuyqPFkbrx1wXLMyU6ZS,Everyone,2023-10-09T18:35:59.842665+00:00,UgkxJzctyNasOTdRYuyqPFkbrx1wXLMyU6ZS_image_1,2448,0.125 0 0.875 1,3264,UgkxJzctyNasOTdRYuyqPFkbrx1wXLMyU6ZS_image_2,1520,0 0.263158 1 0.736842,720,,,,,,,,,,,,,2023-10-09T18:35:59.842665+00:00,2023-10-09T18:35:59.842665+00:00,Image,,"{""text"":""More relevant links in playlists to follow (and below in this post):\n* Checkout: ""},{""text"":""https://postimg.cc/gallery/BXyjp93"",""link"":{""linkUrl"":""https://postimg.cc/gallery/BXyjp93""}},{""text"":"" (postimg-cc-gallery-BXyjp93)\n* Apparent source of Trump's support for AR/VR/METAverse/Web3.0 horrific gaming fests is seen in the next video link to a 1996-era PC Gamer magazine CD-ROM insert. Here, the avid elementary schooler has to hotwire an elevator to go down to the basement offices to play game demos of the time. Tunneling BENEATH Hell to do this: So you say there's real estate available BENEATH Hell? I hadn't heard about that yet. I must invest. It's going to be big, big, big, bigger than the devil... LINK: ""},{""text"":""https://youtu.be/g1dRNdPtUJc?si=9KaWvtoOslzHvsSd"",""videoLink"":{""externalVideoId"":""g1dRNdPtUJc""}}"
UgkxCl8gL0XCPyH0TAw2C2Z46vWigmb5rvte,Everyone,2023-10-10T21:05:54.978929+00:00,UgkxCl8gL0XCPyH0TAw2C2Z46vWigmb5rvte_image_1,1620,0.125 0 0.875 1,2160,UgkxCl8gL0XCPyH0TAw2C2Z46vWigmb5rvte_image_2,1620,0.125 0 0.875 1,2160,UgkxCl8gL0XCPyH0TAw2C2Z46vWigmb5rvte_image_3,1620,0.125 0 0.875 1,2160,UgkxCl8gL0XCPyH0TAw2C2Z46vWigmb5rvte_image_4,1620,0.125 0 0.875 1,2160,,,,,2023-10-09T18:27:42.958898+00:00,2023-10-09T18:27:42.958898+00:00,Image,,"{""text"":""I believe these are the screenshots I was able to save documenting the visual traceroute output from Northern Florida on a darkweb VPN-ed tablet. The traceroutes from Florida sourced traffic through New Your and then Chicago give a nice idea around the time Trump was indicted in Manhattan. \n\nKevin Mitnick passed away this summer. He was mentioned in front of Trump in Chicago on Juneteenth of 2023. It's very strange how many leaders have passed away from pancreatic cancer since Trump took office (RGB, John Lewis, John McCain). Must be a big, big, big, big trending way to die (or something). See here: \n\n""},{""text"":""https://github.com/maxieds/ChameleonMiniLiveDebugger/issues/26#issuecomment-1722385007"",""link"":{""linkUrl"":""https://github.com/maxieds/ChameleonMiniLiveDebugger/issues/26#issuecomment-1722385007""}},{""text"":"" (Github-maxieds-ChameleonMiniLiveDebugger-issues-26-issuecomment1722385007)\n\nKevin was one of a kind. He will be missed in all of this!\n\n---- UPDATES (the next day) ----\n\nCheck out this previously unlisted video. I believe that all of the original videos in the (at)Kevin playlist from April of 2023 were unlisted. The source tablet was hooked up to some out-of-country darkweb VPN tethering that I could not control. YouTube conveniently omitted two of the thirty-five video shorts from view the last time I checked this year in the USA (wonder why? which ones didn't it like, and for what matters of convenience this year and the next? See above screenshot in post dated 2023-10-10):\n\n++ Visual Traceroute from Florida screen record: \n++ LINK: ""},{""text"":""https://youtu.be/cr2unkpp2Bc?si=8SI_IDToeA26oT-q"",""videoLink"":{""externalVideoId"":""cr2unkpp2Bc""}},{""text"":"" [VIDEO ID (EQUALS) cr2unkpp2Bc (WITH) si (EQUALS) 8SI_IDToeA26oT-q]\n\n++ Playlist for Kevin to replace the MacBook with a proper GlobalProtect VPN configuration that was stolen for cocaine money for New Years Eve 2022/2023 by a nasty middle school gym teacher who showed up in Bogota to harass me near Sean Penn and some others. The description has been updated today (RIP old men :):\n++ LINK: ""},{""text"":""https://youtube.com/playlist?list=PLKuEX1pHu60ora2BpfYO6qsQENGbe02MC&si=8z6KQA8-GdiaoRAW"",""playlistLink"":{""externalPlaylistId"":""PLKuEX1pHu60ora2BpfYO6qsQENGbe02MC""}},{""text"":"" [list (EQUALS) PLKuEX1pHu60ora2BpfYO6qsQENGbe02MC (AMPERSAND) si (EQUALS) onGQ9JS86aMzbzTs]""}"
UgkxkTfiFVZroKyKci0azUsrvJk4Q4X3dZaJ,Everyone,2023-03-31T10:14:22.966482+00:00,UgkxkTfiFVZroKyKci0azUsrvJk4Q4X3dZaJ_image_1,1620,0.125 0 0.875 1,2160,UgkxkTfiFVZroKyKci0azUsrvJk4Q4X3dZaJ_image_2,1620,0.125 0 0.875 1,2160,UgkxkTfiFVZroKyKci0azUsrvJk4Q4X3dZaJ_image_3,1620,0.125 0 0.875 1,2160,UgkxkTfiFVZroKyKci0azUsrvJk4Q4X3dZaJ_image_4,1620,0.125 0 0.875 1,2160,,,,,2023-03-31T10:14:22.966482+00:00,2023-03-31T10:14:22.966482+00:00,Image,,"{""text"":""Got it, Jason? You remember your email addresses, correct? Reminder to check: ""},{""text"":""https://raw.githubusercontent.com/maxieds/ThrowingSomeOldBitsIntoAHoleOnGitHub/master/HiMyNameIsLuckyHiLucky/recent-emails-uiuc-ad.txt"",""link"":{""linkUrl"":""https://raw.githubusercontent.com/maxieds/ThrowingSomeOldBitsIntoAHoleOnGitHub/master/HiMyNameIsLuckyHiLucky/recent-emails-uiuc-ad.txt""}}"
UgkxaqZKsxCdvF3pNyFB0mHTS_aPUFe0g9Ql,Everyone,2023-03-31T06:33:28.597305+00:00,,,,,,,,,,,,,,,,,,,,,2023-03-31T06:33:28.597305+00:00,2023-03-31T06:33:28.597305+00:00,Video,aKX5IMoy-78,"{""text"":""@lucky225\n""},{""text"":""https://youtu.be/aKX5IMoy-78"",""videoLink"":{""externalVideoId"":""aKX5IMoy-78""}},{""text"":""\n""},{""text"":""https://youtu.be/xOkI2CmD2D8"",""videoLink"":{""externalVideoId"":""xOkI2CmD2D8""}},{""text"":""\nProps: ""},{""text"":""https://youtu.be/7D1jOB7QrpY"",""videoLink"":{""externalVideoId"":""7D1jOB7QrpY""}}"
Ugkxq2CAcAaKO5OC0_Y_OVpX-nJMy_WGmbiU,Everyone,2023-03-31T06:26:34.685114+00:00,Ugkxq2CAcAaKO5OC0_Y_OVpX-nJMy_WGmbiU_image,1620,0.125 0 0.875 1,2160,,,,,,,,,,,,,,,,,2023-03-31T06:26:34.685114+00:00,2023-03-31T06:26:34.685114+00:00,Image,,"{""text"":""Do you still love me? We signed a marriage license (this lifetime)... The kid, junior, is a Royal PITA (inquire).""}"
UgkxW90Ar48LiiLCK3rpmHdUs8E8SifnSsrX,Everyone,2023-03-31T06:20:12.90075+00:00,UgkxW90Ar48LiiLCK3rpmHdUs8E8SifnSsrX_image_1,1620,0.125 0 0.875 1,2160,UgkxW90Ar48LiiLCK3rpmHdUs8E8SifnSsrX_image_2,1620,0.125 0 0.875 1,2160,UgkxW90Ar48LiiLCK3rpmHdUs8E8SifnSsrX_image_3,1620,0.125 0 0.875 1,2160,UgkxW90Ar48LiiLCK3rpmHdUs8E8SifnSsrX_image_4,1620,0.125 0 0.875 1,2160,UgkxW90Ar48LiiLCK3rpmHdUs8E8SifnSsrX_image_5,1620,0.125 0 0.875 1,2160,2023-03-31T06:20:12.90075+00:00,2023-03-31T06:20:12.90075+00:00,Image,,"{""text"":""Tell Jason staying nearby in Florida that we need to talk in person. He can check his gmail messages. Is our son supposed to RULE in Hell? Cf. ""},{""text"":""https://youtu.be/Z6BKsrasNU4"",""videoLink"":{""externalVideoId"":""Z6BKsrasNU4""}}"





