Post ID,Comment Enablement,Comment Moderation
UgkxpoC17wxdq_HwTqCyPUZpkevOJl_EBpgy,Enable Comments,Allow All Comments
UgkxJ9i2kCIdVzv5zs4xeBiIcZ6SrP1LSGxT,Enable Comments,Allow All Comments
UgkxTuqIGNQr8QZxCkg4574eccZTh8zrEjpN,Enable Comments,Allow All Comments
UgkxGnHUnDbtszLUxbLKxuc4lmlgYZwQ7Vvn,Enable Comments,Allow All Comments
UgkxIcjI2RXnv59xLnzs_GhPXpzQRQFZ7-68,Enable Comments,Allow All Comments
Ugkx--ubJ-fdrNtpSshOTj4x8hukOem3cS65,Enable Comments,Allow All Comments
UgkxSCKtFxPxNVa_AiYd_tKw5EvAUAkghs7d,Enable Comments,Allow All Comments
UgkxdWQOv7Yv0rkk6570emhmpJhkRCkEcjAN,Enable Comments,Allow All Comments
UgkxhP4h5Vl6tSDvS5ZtLiEekQy-2CdXuMRB,Enable Comments,Allow All Comments
UgkxtZaZtrz_HbBZxUhE00nBYkoPZKE9ROVy,Enable Comments,Allow All Comments
UgkxW-4XUiQRsn7FZuYptx7Za3taGuwTOe4v,Enable Comments,Allow All Comments
UgkxDtOuS2dmXTLzL41VVNWyjLoAygWKA-2U,Enable Comments,Allow All Comments
UgkxkJMmg1ghzbFPqFR04oscIGLNQhxuD9i3,Enable Comments,Allow All Comments
Ugkx0S-rXvbhAa9PGIf-1HhXSYJtEkRU2EG6,Enable Comments,Allow All Comments
Ugkx-aU5u88UBk-wq0xQuuVTNnwPK6PvU8Rz,Enable Comments,Allow All Comments
UgkxN1LFyNj8i8faU3lYPY8837O5loDdjJ3h,Enable Comments,Allow All Comments
UgkxTaC87iWT0Ire74N3QGZbHal7gTX1jk-4,Enable Comments,Allow All Comments
UgkxLXR-YrC5JXKgqLswzJMY4aAGaxGDzhJF,Enable Comments,Allow All Comments
Ugkx8k1U4DTjFWCwteRW3l_Mn0dPJ2grA4ox,Enable Comments,Allow All Comments
UgkxZEBWcVu2kJ4FgeTaVRWI-R6Ywo7kgkJd,Enable Comments,Allow All Comments
UgkxieoWrTf6c2RjHjNg-N30E3RdmfTid_Ub,Enable Comments,Allow All Comments
UgkxWb0ebheMEP_J_6Z6BkZ87fOGyIo4pUPL,Enable Comments,Allow All Comments
Ugkx3syTQQ3k1bZaDPXNnaZ0HYrV0fBzX-ac,Enable Comments,Allow All Comments
UgkxTN9VGgKkPswHdPXyya_jdxGmRXrJRny4,Enable Comments,Allow All Comments
UgkxPWUTZlHNt-tp91O_4G2jLLt-ohSnzx76,Enable Comments,Allow All Comments
UgkxnPvJxGn61rqsR7NZ2cFRMtMRqCsIeFRr,Enable Comments,Allow All Comments
UgkxLIE8n7AvhDxK8P99awz7_jMw_raSrfkp,Enable Comments,Allow All Comments
UgkxfAABq2UfKLpjuMchx-rEXQa_GU889CUI,Enable Comments,Allow All Comments
UgkxoH7t1zH0r03LcR79JKTooBL7W_swN2DH,Enable Comments,Allow All Comments
UgkxcmQu1cZf4wqnT6UsOUMZeybl2D4CCOn9,Enable Comments,Allow All Comments
UgkxAGvUHkpPLOZ8GS-oLvjNyej-YKpdZMTD,Enable Comments,Allow All Comments
UgkxRYHs7wvBJ8U9iGzicvwS7mcdbuOfEGkA,Enable Comments,Allow All Comments
UgkxSPC-dG_TBflpYxj8pbunnWj9TvzL26mn,Enable Comments,Allow All Comments
UgkxKfD75VepYfzKAlCdbqr0sloAvp2zfAxc,Enable Comments,Allow All Comments
UgkxHmcX5Wg5hGGNbSK5tttw2hO-EFavG8d2,Enable Comments,Allow All Comments
UgkxGUxqefMvlxujGLwKII127RJgBvu35s-w,Enable Comments,Allow All Comments
UgkxeLVLD2m0q57Q60UlifzoS9CgW71lv1RP,Enable Comments,Allow All Comments
UgkxJzctyNasOTdRYuyqPFkbrx1wXLMyU6ZS,Enable Comments,Allow All Comments
UgkxCl8gL0XCPyH0TAw2C2Z46vWigmb5rvte,Enable Comments,Allow All Comments
UgkxkTfiFVZroKyKci0azUsrvJk4Q4X3dZaJ,Enable Comments,Allow All Comments
UgkxaqZKsxCdvF3pNyFB0mHTS_aPUFe0g9Ql,Enable Comments,Allow All Comments
Ugkxq2CAcAaKO5OC0_Y_OVpX-nJMy_WGmbiU,Enable Comments,Allow All Comments
UgkxW90Ar48LiiLCK3rpmHdUs8E8SifnSsrX,Enable Comments,Allow All Comments





