Video ID,Playlist Video Creation Timestamp
Rmmm4oraikM,2023-03-08T16:42:31+00:00
fYC8V36xPBQ,2023-03-08T16:45:16+00:00
MckiHpMgz2E,2023-03-08T16:47:38+00:00
UvjeWcaDIiM,2023-03-08T16:58:12+00:00
wgmrxSrVc-0,2023-03-08T17:04:59+00:00
kauCzrwGk6A,2023-03-08T17:14:35+00:00
9qlm3iMBquU,2023-03-08T19:21:49+00:00
zZZ4_nKT0pU,2023-03-08T21:15:49+00:00
Xv7nA4ZaYrQ,2023-03-11T00:27:43+00:00
ELUBrhKiGGs,2023-03-11T00:30:26+00:00
AcG4gs7PDvs,2023-03-11T00:34:04+00:00
ohmgatcPluE,2023-03-11T00:35:27+00:00
aCzFSygSmbU,2023-03-11T00:40:54+00:00
bWcNSNAH2pQ,2023-03-11T00:42:07+00:00
DWc2vvf1fsM,2023-03-11T03:06:48+00:00
GrzQtyKhTc0,2023-03-15T17:17:51+00:00
cr2unkpp2Bc,2023-03-18T02:22:50+00:00
c9D2SMcfOaY,2023-03-26T01:12:57+00:00
cqelAXiafHc,2023-03-26T01:25:39+00:00
8QGSor0H8jc,2023-03-26T04:08:28+00:00
vL1h-Eg4TsU,2023-03-26T08:27:59+00:00
KIH44WOSda0,2023-03-26T08:29:10+00:00
KA4z9NV9FOQ,2023-03-26T08:29:35+00:00
rWpEbF1kALo,2023-03-26T10:09:21+00:00
cUgP9vwhR20,2023-03-26T10:09:45+00:00
YXm0pkYXB5s,2023-03-26T16:57:33+00:00
yb3yaYjJVeU,2023-03-27T04:58:49+00:00
GV-Lg6oBkb0,2023-03-27T04:59:44+00:00
WbTFXflBZdo,2023-03-27T05:12:55+00:00
 -iIdTTlQ6Tk,2023-03-28T18:54:01+00:00
U6wAUetq41A,2023-03-28T18:56:58+00:00
AzXzxWmclUU,2023-03-28T18:59:16+00:00
2FwRucWG81c,2023-10-16T16:31:58+00:00
fc0i4g1VGwo,2023-10-16T16:33:22+00:00
ePHps6ix86g,2023-10-16T16:34:44+00:00
eelx1kl1MPs,2023-10-16T16:35:59+00:00
oNl1XLG9-sc,2023-10-16T16:37:25+00:00
LA1b83H9RY8,2023-10-16T16:38:45+00:00
Q_QdVfYnLmI,2023-10-16T16:42:07+00:00
MRKLXrbw_UQ,2023-10-16T16:43:03+00:00
gwxfJ1nirnI,2023-10-16T16:44:08+00:00
k1s-CW4aM7Y,2023-10-16T16:45:20+00:00
tXKOwefI10s,2023-10-27T15:03:35+00:00
0B8Gvd9kt_8,2023-10-27T15:30:17+00:00
xIgAjM2KwzA,2023-10-27T15:31:49+00:00
mkX9W3I2qgM,2023-10-27T16:23:36+00:00
ZHPSsfFsmu0,2023-10-27T16:24:50+00:00
nrNHOxt2S7g,2023-10-27T16:27:05+00:00
Tk2mkPI4sK4,2023-10-27T16:28:38+00:00
NWJIYv14aH8,2023-11-06T21:25:22+00:00
pCqiKJjO5fA,2023-11-06T21:34:19+00:00
bX04LbOJMsk,2023-11-11T17:56:16+00:00
Lgb-ny12OTY,2023-11-11T18:15:01+00:00
uLjfCYiwVtk,2023-11-20T22:19:01+00:00
x7VslKmnGtg,2023-11-20T22:24:46+00:00
cwJhPRlyLa8,2023-11-20T22:25:18+00:00
_j2068NZg8E,2023-11-20T22:46:28+00:00
XBoihBDOTMY,2023-11-20T22:48:08+00:00
G13HgvY9jkc,2023-11-20T22:48:32+00:00
wSHovtBxT4M,2023-11-20T22:48:55+00:00
cu-NpUvfsQk,2023-11-20T22:52:11+00:00
hN2AXMkNHIg,2023-11-20T22:52:48+00:00
jD0iJeCN5uc,2023-11-20T22:53:08+00:00
iy1Kyi3UJik,2023-11-20T22:53:37+00:00
O6gZlkLGFsk,2023-11-20T22:54:02+00:00
CcRQ-YSZmf0,2023-11-20T22:55:20+00:00
lzXvh2HBJsY,2023-11-20T22:56:02+00:00
cT1wbJ6wQMI,2023-11-20T22:56:23+00:00
Iher8zBKfFA,2023-11-20T22:56:58+00:00
xJ6z3Rdo9MQ,2023-11-20T23:01:01+00:00
ZZ5d7y2Zynk,2023-11-21T21:24:01+00:00
WR89mx5WVwU,2023-11-21T21:25:18+00:00
D4bvItBnJdg,2023-11-21T21:27:24+00:00
WBq-LJoSNIY,2023-11-21T21:28:40+00:00
XdJz0vMRG4w,2023-11-21T21:31:38+00:00
m3SFdxvuArU,2023-11-21T21:36:57+00:00
cg0lVVew46I,2023-11-21T21:37:36+00:00
ubj7fJCXKH0,2023-11-21T23:53:01+00:00
aBC01CHzDPQ,2023-11-21T23:58:28+00:00
YJ6r6CJKqNA,2023-11-21T23:58:49+00:00
XDvcu7vFpNQ,2023-11-21T23:59:15+00:00
eddkwmCGLqI,2023-11-22T00:19:09+00:00
lbR5N96n7kw,2023-11-22T00:19:30+00:00
4u1sxY0cHq4,2023-11-22T00:20:32+00:00
FpL07HuKtkk,2023-11-22T00:20:56+00:00
yZTq0XMWaxo,2023-11-22T00:21:26+00:00
qQnCdgBlz2w,2023-11-22T00:21:51+00:00
IJ6XifH_e-s,2023-11-22T00:22:13+00:00
Vndq4LslSnc,2023-11-22T00:22:37+00:00
aVCovqXWu8Y,2023-11-22T00:23:34+00:00
1GDlQ9YGz_M,2023-11-22T00:25:03+00:00
OwMcaoGr5og,2023-11-22T00:25:24+00:00
YrEqCcwVodY,2023-11-22T00:34:18+00:00
G4FmHHDph5Q,2023-11-22T00:35:39+00:00
OpaT6bjYSjw,2023-11-22T00:36:02+00:00
9xC7QzDmp3I,2023-11-22T00:36:34+00:00
rm0p4D8Bz40,2023-11-22T00:37:01+00:00
Olf2w5Ete6c,2023-11-22T00:37:23+00:00
x_FV5fcRgKE,2023-11-22T00:38:33+00:00
9HM3SF19GYI,2023-11-22T00:38:55+00:00
6SbCkb9gufc,2023-11-22T00:49:27+00:00
rQqnANgObdM,2023-11-22T00:49:52+00:00
zL3zsQ1cSIc,2023-11-22T00:50:09+00:00
1XONFr5mXFU,2023-11-22T00:50:33+00:00
Bng524s77Iw,2023-11-22T00:50:56+00:00
kCqC-LhxTxg,2023-11-22T00:51:23+00:00
l6_d4cH7CIo,2023-11-22T00:51:46+00:00
0b9t8e0LP28,2023-11-22T00:52:04+00:00
xdY7-klFFq4,2023-11-22T00:52:31+00:00
QeKsgqufog8,2023-11-22T00:52:51+00:00
ekpCWbV5c3w,2023-11-22T00:53:13+00:00
Q290NIzhakg,2023-11-22T00:59:14+00:00
_TSQ2CS0N9s,2023-11-22T01:01:22+00:00
uwg-h0KW0-E,2023-11-22T01:01:42+00:00
meRWSD_akTE,2023-11-22T01:02:00+00:00
Z60WqTipBk4,2023-11-22T01:02:36+00:00
MFjEuRg3KEo,2023-11-22T01:03:08+00:00
cVWe5ga_VPg,2023-11-22T01:03:26+00:00
Mx6X27GlwJ0,2023-11-22T01:03:45+00:00
xjZEu8gngpU,2023-11-22T01:04:09+00:00
Ym1HdCftwh0,2023-11-22T01:04:44+00:00
EeWpZdMb3PE,2023-11-22T01:05:11+00:00
KkHHLmnWeSI,2023-11-22T01:05:38+00:00
HN8Jvm2177c,2023-11-22T01:05:59+00:00
nlLsPR6a6GQ,2023-11-22T01:06:19+00:00
EeZvftyd9aE,2023-11-22T01:06:41+00:00
ku8pde52V48,2023-11-22T01:14:27+00:00
Xrc2II5RJyY,2023-11-29T19:56:33+00:00
RFBioqfGmAc,2023-11-29T20:00:41+00:00
00NFHd_X1kc,2023-11-29T20:01:21+00:00
TdxT_CVm0v0,2023-11-29T20:01:49+00:00
frMvCeF_rnU,2023-11-29T20:02:18+00:00
Ks3Culmnh4o,2023-11-29T20:02:46+00:00
CAkzM8cL3bE,2023-11-29T20:03:08+00:00
_KNXhXzcD7w,2023-11-29T20:03:39+00:00
Xgvcyn8AyiY,2023-11-29T20:04:21+00:00
P8Y45mPVULA,2023-11-29T20:05:04+00:00
0vOpECVqJgU,2023-11-29T20:05:36+00:00
7J8Q9s_2-8U,2023-11-29T20:06:02+00:00
bkZ22GY2Sww,2023-11-29T20:06:39+00:00
ulRqJQZacL4,2023-11-29T20:07:06+00:00
4V7O9eOlw9U,2023-11-29T20:08:17+00:00
OZVeGQISU88,2023-11-29T20:09:00+00:00
yMqd3L0en3g,2023-11-29T20:09:29+00:00
aItWWFrErCM,2023-11-29T20:09:57+00:00
tcHdLdhBdOo,2023-11-29T23:07:48+00:00
1AGIO1_5iSc,2023-11-29T23:08:06+00:00
rnUVlZDzJnE,2023-11-29T23:08:52+00:00
z_iAowT4gnI,2023-11-29T23:09:12+00:00
zRS_oc6gplc,2023-11-29T23:09:31+00:00
Ym73ZsEK1ng,2023-11-29T23:09:50+00:00
v1usv8QhJ0A,2023-11-29T23:10:21+00:00
o1wyEhLuDKo,2023-11-29T23:10:40+00:00
ecJo-ymL_dQ,2023-11-29T23:11:00+00:00
6WKT1-ofHQQ,2023-11-29T23:11:17+00:00
t-xaxuYonLE,2023-11-29T23:11:53+00:00
WEA-aFJ0fmQ,2023-11-29T23:12:08+00:00
mZHrN7u8giY,2023-11-29T23:12:26+00:00
u6LNc8L73Bw,2023-11-29T23:12:44+00:00
my7mIerTfhY,2023-11-29T23:13:02+00:00
XA2XV_LcD0k,2023-11-29T23:13:31+00:00
JnuyHh0tRyk,2023-11-29T23:13:53+00:00
855fFKm-50w,2023-11-29T23:14:08+00:00
4ZHIe8GC9Ng,2023-11-29T23:14:32+00:00
1U5aVKd43ak,2023-11-29T23:14:55+00:00
m9yGYAuFBe4,2023-11-29T23:15:14+00:00
izTE__4gGqs,2023-11-29T23:15:31+00:00
WQt3Lnl75dw,2023-11-29T23:15:49+00:00
EO_ov4tX6bw,2023-11-29T23:16:07+00:00
CEGXEw-kNWY,2023-11-29T23:16:25+00:00
1kofGd_Up6A,2023-11-29T23:16:44+00:00
2yOLH7m7rKA,2023-11-29T23:17:00+00:00
V0lTmoNQDek,2023-11-29T23:17:21+00:00
0Oeg4tMdhs0,2023-11-29T23:18:29+00:00
LrUNIl5Rhhw,2023-11-30T20:39:45+00:00
KcI9eagtwDQ,2023-11-30T20:42:19+00:00
wsY_KFG6s_w,2023-11-30T20:43:19+00:00
KhKDnKRswH8,2023-11-30T20:44:26+00:00
06oakLhmv6A,2023-11-30T20:45:12+00:00
sq55ulUmCcM,2023-11-30T20:46:14+00:00
Ky5nYbO9W1c,2023-11-30T20:46:43+00:00
MrX9rdxton8,2023-11-30T20:48:03+00:00
sXv2pcjlFvQ,2023-11-30T20:49:02+00:00
2-Ro5EaS850,2023-11-30T20:50:00+00:00
8MnOEn5_70E,2023-11-30T20:51:55+00:00
ol6jHabiqoU,2023-11-30T20:53:03+00:00
No8pBXu7uG8,2023-11-30T20:55:29+00:00
brEptV13HqQ,2023-11-30T20:56:47+00:00
aO6fS_7kGg8,2023-11-30T20:57:18+00:00
df9_8tjmIxA,2023-11-30T20:58:00+00:00
Q-ftY2T6VaQ,2023-11-30T20:58:37+00:00
fOINh6iSuz4,2023-11-30T21:00:39+00:00
z2xh-t91Jt0,2023-11-30T21:01:16+00:00
eiSmKgsDVuk,2023-11-30T21:02:13+00:00
1PvbwdVJrYY,2023-11-30T21:02:53+00:00
pN3eU7Et9Qk,2023-11-30T21:03:30+00:00
U6pPiYbZTTk,2023-11-30T21:04:09+00:00
8noBs5FIn4k,2023-11-30T21:04:36+00:00
mSu2l-dX4yU,2023-11-30T21:05:24+00:00
QL0CMwL_kHk,2023-11-30T21:06:02+00:00
2MYTuQHnvtc,2023-11-30T21:06:37+00:00
XXpUynDbbG8,2023-11-30T21:07:12+00:00
_9mgzm1XLgc,2023-11-30T21:07:45+00:00
WNzWk1YNA70,2023-11-30T21:08:33+00:00
aiRaOG5HXS0,2023-11-30T21:10:44+00:00
ZVZJcSTvvuA,2023-11-30T21:11:14+00:00
XIPGZGAJ2jE,2023-11-30T21:12:31+00:00
L8Xwh6tcB3U,2023-12-23T19:21:58+00:00
XiJYU1abapA,2023-12-23T19:23:47+00:00
v-T2RheEw2c,2023-12-23T19:24:43+00:00
j6AnrqeWRes,2023-12-23T20:07:42+00:00
J8ubAkOUH78,2023-12-23T20:08:27+00:00
nHzs4MjHpmM,2024-01-05T19:01:05+00:00
FyzOmPsFZIs,2024-01-05T19:03:11+00:00
PZkzLm7XEW0,2024-01-05T19:04:46+00:00
pVmVHLa9VLc,2024-01-05T19:05:13+00:00
SOtOZdSNqxE,2024-01-05T19:06:14+00:00
f7SLBsbLB_g,2024-01-05T19:07:01+00:00
IFVcgfFErLQ,2024-01-05T19:07:25+00:00
8_Ky4vQzzb8,2024-01-05T19:08:17+00:00
3Y64boseouE,2024-01-05T19:08:43+00:00
nYhZTtXmhIc,2024-01-05T19:09:36+00:00
g-3GTijs6j0,2024-01-05T19:10:04+00:00
kza51R-mLus,2024-01-05T19:10:37+00:00
4Mbz-FwHZ78,2024-01-05T19:11:03+00:00
RsY9CJsO_Nc,2024-01-05T19:11:33+00:00
HFlpnId3fS4,2024-01-05T19:12:05+00:00
5m_VSNmFRpQ,2024-01-05T19:15:27+00:00
0vAbWPMYPrE,2024-01-05T19:15:58+00:00
2D3ifqeYBhg,2024-01-05T19:16:18+00:00
7GOTtxEBQqg,2024-01-05T19:17:20+00:00
tHg3uF2i_MM,2024-01-05T19:17:41+00:00
02m8z0qbRkY,2024-01-05T19:18:10+00:00
9N4cthrnJuI,2024-01-05T19:19:31+00:00
SyKtYvO33HU,2024-01-05T19:20:01+00:00
uQCWY0xgXsY,2024-01-05T19:20:22+00:00
H0xS_tvIAFg,2024-01-05T19:20:52+00:00
ASkaRW7U6eQ,2024-01-05T19:21:17+00:00
2NTWI63El5w,2024-01-05T19:21:48+00:00
nIagX55UFW0,2024-01-05T19:22:17+00:00
sxreHkQuXLY,2024-01-05T19:22:42+00:00
L3R6DR_wt-4,2024-01-05T19:23:11+00:00
5lBSCz_A788,2024-01-05T19:25:42+00:00
9pwY4XzozfU,2024-01-05T19:26:19+00:00
u1LbbHKzNw4,2024-01-05T19:26:47+00:00
NmndKY0j1bI,2024-01-05T19:27:15+00:00
6tmy7zPAbeI,2024-01-05T19:27:51+00:00
h6elxvgru48,2024-01-05T19:28:16+00:00
Fv13VLqND_0,2024-01-05T19:29:54+00:00
3o1qvtpN21M,2024-01-05T19:30:39+00:00
agUxZOPWZAo,2024-01-05T19:33:48+00:00
nxoee0FX5A8,2024-01-05T19:34:16+00:00
kqxnAsOFYEk,2024-01-05T19:35:10+00:00
ye51GW0gtHw,2024-01-05T19:35:36+00:00
HpWTPx-RA4Y,2024-01-05T19:37:01+00:00





