Date,Geography,Views
2026-04-27,IN,0
2026-04-28,IN,0
2026-04-29,IN,0
2026-04-30,IN,0
2026-05-01,IN,0
2026-05-02,IN,0
2026-05-03,IN,0
2026-05-04,IN,0
2026-05-05,IN,0
2026-05-06,IN,0
2026-05-07,IN,0
2026-05-08,IN,0
2026-05-09,IN,0
2026-05-10,IN,0
2026-05-11,IN,0
2026-05-12,IN,0
2026-05-13,IN,0
2026-05-14,IN,0
2026-05-15,IN,0
2026-05-16,IN,0
2026-05-17,IN,0
2026-05-18,IN,0
2026-05-19,IN,0
2026-05-20,IN,0
2026-05-21,IN,0
2026-05-22,IN,0
2026-05-23,IN,34
2026-05-24,IN,0
2026-04-27,US,0
2026-04-28,US,0
2026-04-29,US,0
2026-04-30,US,0
2026-05-01,US,0
2026-05-02,US,0
2026-05-03,US,0
2026-05-04,US,0
2026-05-05,US,0
2026-05-06,US,0
2026-05-07,US,0
2026-05-08,US,0
2026-05-09,US,0
2026-05-10,US,0
2026-05-11,US,0
2026-05-12,US,0
2026-05-13,US,0
2026-05-14,US,0
2026-05-15,US,0
2026-05-16,US,0
2026-05-17,US,0
2026-05-18,US,0
2026-05-19,US,0
2026-05-20,US,0
2026-05-21,US,0
2026-05-22,US,0
2026-05-23,US,108
2026-05-24,US,0
