Date,Content,Video title,Video publish time,Duration,Views
2026-04-27,8yuwhZhkrdI,AndroidGo Illinois state government phone - Validation tools app - Think coded language,"May 23, 2026",716,0
2026-04-28,8yuwhZhkrdI,AndroidGo Illinois state government phone - Validation tools app - Think coded language,"May 23, 2026",716,0
2026-04-29,8yuwhZhkrdI,AndroidGo Illinois state government phone - Validation tools app - Think coded language,"May 23, 2026",716,0
2026-04-30,8yuwhZhkrdI,AndroidGo Illinois state government phone - Validation tools app - Think coded language,"May 23, 2026",716,0
2026-05-01,8yuwhZhkrdI,AndroidGo Illinois state government phone - Validation tools app - Think coded language,"May 23, 2026",716,0
2026-05-02,8yuwhZhkrdI,AndroidGo Illinois state government phone - Validation tools app - Think coded language,"May 23, 2026",716,0
2026-05-03,8yuwhZhkrdI,AndroidGo Illinois state government phone - Validation tools app - Think coded language,"May 23, 2026",716,0
2026-05-04,8yuwhZhkrdI,AndroidGo Illinois state government phone - Validation tools app - Think coded language,"May 23, 2026",716,0
2026-05-05,8yuwhZhkrdI,AndroidGo Illinois state government phone - Validation tools app - Think coded language,"May 23, 2026",716,0
2026-05-06,8yuwhZhkrdI,AndroidGo Illinois state government phone - Validation tools app - Think coded language,"May 23, 2026",716,0
2026-05-07,8yuwhZhkrdI,AndroidGo Illinois state government phone - Validation tools app - Think coded language,"May 23, 2026",716,0
2026-05-08,8yuwhZhkrdI,AndroidGo Illinois state government phone - Validation tools app - Think coded language,"May 23, 2026",716,0
2026-05-09,8yuwhZhkrdI,AndroidGo Illinois state government phone - Validation tools app - Think coded language,"May 23, 2026",716,0
2026-05-10,8yuwhZhkrdI,AndroidGo Illinois state government phone - Validation tools app - Think coded language,"May 23, 2026",716,0
2026-05-11,8yuwhZhkrdI,AndroidGo Illinois state government phone - Validation tools app - Think coded language,"May 23, 2026",716,0
2026-05-12,8yuwhZhkrdI,AndroidGo Illinois state government phone - Validation tools app - Think coded language,"May 23, 2026",716,0
2026-05-13,8yuwhZhkrdI,AndroidGo Illinois state government phone - Validation tools app - Think coded language,"May 23, 2026",716,0
2026-05-14,8yuwhZhkrdI,AndroidGo Illinois state government phone - Validation tools app - Think coded language,"May 23, 2026",716,0
2026-05-15,8yuwhZhkrdI,AndroidGo Illinois state government phone - Validation tools app - Think coded language,"May 23, 2026",716,0
2026-05-16,8yuwhZhkrdI,AndroidGo Illinois state government phone - Validation tools app - Think coded language,"May 23, 2026",716,0
2026-05-17,8yuwhZhkrdI,AndroidGo Illinois state government phone - Validation tools app - Think coded language,"May 23, 2026",716,0
2026-05-18,8yuwhZhkrdI,AndroidGo Illinois state government phone - Validation tools app - Think coded language,"May 23, 2026",716,0
2026-05-19,8yuwhZhkrdI,AndroidGo Illinois state government phone - Validation tools app - Think coded language,"May 23, 2026",716,0
2026-05-20,8yuwhZhkrdI,AndroidGo Illinois state government phone - Validation tools app - Think coded language,"May 23, 2026",716,0
2026-05-21,8yuwhZhkrdI,AndroidGo Illinois state government phone - Validation tools app - Think coded language,"May 23, 2026",716,0
2026-05-22,8yuwhZhkrdI,AndroidGo Illinois state government phone - Validation tools app - Think coded language,"May 23, 2026",716,0
2026-05-23,8yuwhZhkrdI,AndroidGo Illinois state government phone - Validation tools app - Think coded language,"May 23, 2026",716,16
2026-05-24,8yuwhZhkrdI,AndroidGo Illinois state government phone - Validation tools app - Think coded language,"May 23, 2026",716,0
2026-04-27,W8tvmkBm9OE,AndroidGo Illinois state government phone - SGPS GSM satellite configuration options and examples,"May 23, 2026",952,0
2026-04-28,W8tvmkBm9OE,AndroidGo Illinois state government phone - SGPS GSM satellite configuration options and examples,"May 23, 2026",952,0
2026-04-29,W8tvmkBm9OE,AndroidGo Illinois state government phone - SGPS GSM satellite configuration options and examples,"May 23, 2026",952,0
2026-04-30,W8tvmkBm9OE,AndroidGo Illinois state government phone - SGPS GSM satellite configuration options and examples,"May 23, 2026",952,0
2026-05-01,W8tvmkBm9OE,AndroidGo Illinois state government phone - SGPS GSM satellite configuration options and examples,"May 23, 2026",952,0
2026-05-02,W8tvmkBm9OE,AndroidGo Illinois state government phone - SGPS GSM satellite configuration options and examples,"May 23, 2026",952,0
2026-05-03,W8tvmkBm9OE,AndroidGo Illinois state government phone - SGPS GSM satellite configuration options and examples,"May 23, 2026",952,0
2026-05-04,W8tvmkBm9OE,AndroidGo Illinois state government phone - SGPS GSM satellite configuration options and examples,"May 23, 2026",952,0
2026-05-05,W8tvmkBm9OE,AndroidGo Illinois state government phone - SGPS GSM satellite configuration options and examples,"May 23, 2026",952,0
2026-05-06,W8tvmkBm9OE,AndroidGo Illinois state government phone - SGPS GSM satellite configuration options and examples,"May 23, 2026",952,0
2026-05-07,W8tvmkBm9OE,AndroidGo Illinois state government phone - SGPS GSM satellite configuration options and examples,"May 23, 2026",952,0
2026-05-08,W8tvmkBm9OE,AndroidGo Illinois state government phone - SGPS GSM satellite configuration options and examples,"May 23, 2026",952,0
2026-05-09,W8tvmkBm9OE,AndroidGo Illinois state government phone - SGPS GSM satellite configuration options and examples,"May 23, 2026",952,0
2026-05-10,W8tvmkBm9OE,AndroidGo Illinois state government phone - SGPS GSM satellite configuration options and examples,"May 23, 2026",952,0
2026-05-11,W8tvmkBm9OE,AndroidGo Illinois state government phone - SGPS GSM satellite configuration options and examples,"May 23, 2026",952,0
2026-05-12,W8tvmkBm9OE,AndroidGo Illinois state government phone - SGPS GSM satellite configuration options and examples,"May 23, 2026",952,0
2026-05-13,W8tvmkBm9OE,AndroidGo Illinois state government phone - SGPS GSM satellite configuration options and examples,"May 23, 2026",952,0
2026-05-14,W8tvmkBm9OE,AndroidGo Illinois state government phone - SGPS GSM satellite configuration options and examples,"May 23, 2026",952,0
2026-05-15,W8tvmkBm9OE,AndroidGo Illinois state government phone - SGPS GSM satellite configuration options and examples,"May 23, 2026",952,0
2026-05-16,W8tvmkBm9OE,AndroidGo Illinois state government phone - SGPS GSM satellite configuration options and examples,"May 23, 2026",952,0
2026-05-17,W8tvmkBm9OE,AndroidGo Illinois state government phone - SGPS GSM satellite configuration options and examples,"May 23, 2026",952,0
2026-05-18,W8tvmkBm9OE,AndroidGo Illinois state government phone - SGPS GSM satellite configuration options and examples,"May 23, 2026",952,0
2026-05-19,W8tvmkBm9OE,AndroidGo Illinois state government phone - SGPS GSM satellite configuration options and examples,"May 23, 2026",952,0
2026-05-20,W8tvmkBm9OE,AndroidGo Illinois state government phone - SGPS GSM satellite configuration options and examples,"May 23, 2026",952,0
2026-05-21,W8tvmkBm9OE,AndroidGo Illinois state government phone - SGPS GSM satellite configuration options and examples,"May 23, 2026",952,0
2026-05-22,W8tvmkBm9OE,AndroidGo Illinois state government phone - SGPS GSM satellite configuration options and examples,"May 23, 2026",952,0
2026-05-23,W8tvmkBm9OE,AndroidGo Illinois state government phone - SGPS GSM satellite configuration options and examples,"May 23, 2026",952,12
2026-05-24,W8tvmkBm9OE,AndroidGo Illinois state government phone - SGPS GSM satellite configuration options and examples,"May 23, 2026",952,2
2026-04-27,Y3p4_Yb9zz8,AndroidGo Illinois state government phone - More running apps list in settings,"May 23, 2026",217,0
2026-04-28,Y3p4_Yb9zz8,AndroidGo Illinois state government phone - More running apps list in settings,"May 23, 2026",217,0
2026-04-29,Y3p4_Yb9zz8,AndroidGo Illinois state government phone - More running apps list in settings,"May 23, 2026",217,0
2026-04-30,Y3p4_Yb9zz8,AndroidGo Illinois state government phone - More running apps list in settings,"May 23, 2026",217,0
2026-05-01,Y3p4_Yb9zz8,AndroidGo Illinois state government phone - More running apps list in settings,"May 23, 2026",217,0
2026-05-02,Y3p4_Yb9zz8,AndroidGo Illinois state government phone - More running apps list in settings,"May 23, 2026",217,0
2026-05-03,Y3p4_Yb9zz8,AndroidGo Illinois state government phone - More running apps list in settings,"May 23, 2026",217,0
2026-05-04,Y3p4_Yb9zz8,AndroidGo Illinois state government phone - More running apps list in settings,"May 23, 2026",217,0
2026-05-05,Y3p4_Yb9zz8,AndroidGo Illinois state government phone - More running apps list in settings,"May 23, 2026",217,0
2026-05-06,Y3p4_Yb9zz8,AndroidGo Illinois state government phone - More running apps list in settings,"May 23, 2026",217,0
2026-05-07,Y3p4_Yb9zz8,AndroidGo Illinois state government phone - More running apps list in settings,"May 23, 2026",217,0
2026-05-08,Y3p4_Yb9zz8,AndroidGo Illinois state government phone - More running apps list in settings,"May 23, 2026",217,0
2026-05-09,Y3p4_Yb9zz8,AndroidGo Illinois state government phone - More running apps list in settings,"May 23, 2026",217,0
2026-05-10,Y3p4_Yb9zz8,AndroidGo Illinois state government phone - More running apps list in settings,"May 23, 2026",217,0
2026-05-11,Y3p4_Yb9zz8,AndroidGo Illinois state government phone - More running apps list in settings,"May 23, 2026",217,0
2026-05-12,Y3p4_Yb9zz8,AndroidGo Illinois state government phone - More running apps list in settings,"May 23, 2026",217,0
2026-05-13,Y3p4_Yb9zz8,AndroidGo Illinois state government phone - More running apps list in settings,"May 23, 2026",217,0
2026-05-14,Y3p4_Yb9zz8,AndroidGo Illinois state government phone - More running apps list in settings,"May 23, 2026",217,0
2026-05-15,Y3p4_Yb9zz8,AndroidGo Illinois state government phone - More running apps list in settings,"May 23, 2026",217,0
2026-05-16,Y3p4_Yb9zz8,AndroidGo Illinois state government phone - More running apps list in settings,"May 23, 2026",217,0
2026-05-17,Y3p4_Yb9zz8,AndroidGo Illinois state government phone - More running apps list in settings,"May 23, 2026",217,0
2026-05-18,Y3p4_Yb9zz8,AndroidGo Illinois state government phone - More running apps list in settings,"May 23, 2026",217,0
2026-05-19,Y3p4_Yb9zz8,AndroidGo Illinois state government phone - More running apps list in settings,"May 23, 2026",217,0
2026-05-20,Y3p4_Yb9zz8,AndroidGo Illinois state government phone - More running apps list in settings,"May 23, 2026",217,0
2026-05-21,Y3p4_Yb9zz8,AndroidGo Illinois state government phone - More running apps list in settings,"May 23, 2026",217,0
2026-05-22,Y3p4_Yb9zz8,AndroidGo Illinois state government phone - More running apps list in settings,"May 23, 2026",217,0
2026-05-23,Y3p4_Yb9zz8,AndroidGo Illinois state government phone - More running apps list in settings,"May 23, 2026",217,16
2026-05-24,Y3p4_Yb9zz8,AndroidGo Illinois state government phone - More running apps list in settings,"May 23, 2026",217,3
2026-04-27,awuHl0MC7FQ,"Darkweb NOKIA flip phone from Bogota, Colombia - BW hotel parking lot footage - VID_0098","May 23, 2026",4,0
2026-04-28,awuHl0MC7FQ,"Darkweb NOKIA flip phone from Bogota, Colombia - BW hotel parking lot footage - VID_0098","May 23, 2026",4,0
2026-04-29,awuHl0MC7FQ,"Darkweb NOKIA flip phone from Bogota, Colombia - BW hotel parking lot footage - VID_0098","May 23, 2026",4,0
2026-04-30,awuHl0MC7FQ,"Darkweb NOKIA flip phone from Bogota, Colombia - BW hotel parking lot footage - VID_0098","May 23, 2026",4,0
2026-05-01,awuHl0MC7FQ,"Darkweb NOKIA flip phone from Bogota, Colombia - BW hotel parking lot footage - VID_0098","May 23, 2026",4,0
2026-05-02,awuHl0MC7FQ,"Darkweb NOKIA flip phone from Bogota, Colombia - BW hotel parking lot footage - VID_0098","May 23, 2026",4,0
2026-05-03,awuHl0MC7FQ,"Darkweb NOKIA flip phone from Bogota, Colombia - BW hotel parking lot footage - VID_0098","May 23, 2026",4,0
2026-05-04,awuHl0MC7FQ,"Darkweb NOKIA flip phone from Bogota, Colombia - BW hotel parking lot footage - VID_0098","May 23, 2026",4,0
2026-05-05,awuHl0MC7FQ,"Darkweb NOKIA flip phone from Bogota, Colombia - BW hotel parking lot footage - VID_0098","May 23, 2026",4,0
2026-05-06,awuHl0MC7FQ,"Darkweb NOKIA flip phone from Bogota, Colombia - BW hotel parking lot footage - VID_0098","May 23, 2026",4,0
2026-05-07,awuHl0MC7FQ,"Darkweb NOKIA flip phone from Bogota, Colombia - BW hotel parking lot footage - VID_0098","May 23, 2026",4,0
2026-05-08,awuHl0MC7FQ,"Darkweb NOKIA flip phone from Bogota, Colombia - BW hotel parking lot footage - VID_0098","May 23, 2026",4,0
2026-05-09,awuHl0MC7FQ,"Darkweb NOKIA flip phone from Bogota, Colombia - BW hotel parking lot footage - VID_0098","May 23, 2026",4,0
2026-05-10,awuHl0MC7FQ,"Darkweb NOKIA flip phone from Bogota, Colombia - BW hotel parking lot footage - VID_0098","May 23, 2026",4,0
2026-05-11,awuHl0MC7FQ,"Darkweb NOKIA flip phone from Bogota, Colombia - BW hotel parking lot footage - VID_0098","May 23, 2026",4,0
2026-05-12,awuHl0MC7FQ,"Darkweb NOKIA flip phone from Bogota, Colombia - BW hotel parking lot footage - VID_0098","May 23, 2026",4,0
2026-05-13,awuHl0MC7FQ,"Darkweb NOKIA flip phone from Bogota, Colombia - BW hotel parking lot footage - VID_0098","May 23, 2026",4,0
2026-05-14,awuHl0MC7FQ,"Darkweb NOKIA flip phone from Bogota, Colombia - BW hotel parking lot footage - VID_0098","May 23, 2026",4,0
2026-05-15,awuHl0MC7FQ,"Darkweb NOKIA flip phone from Bogota, Colombia - BW hotel parking lot footage - VID_0098","May 23, 2026",4,0
2026-05-16,awuHl0MC7FQ,"Darkweb NOKIA flip phone from Bogota, Colombia - BW hotel parking lot footage - VID_0098","May 23, 2026",4,0
2026-05-17,awuHl0MC7FQ,"Darkweb NOKIA flip phone from Bogota, Colombia - BW hotel parking lot footage - VID_0098","May 23, 2026",4,0
2026-05-18,awuHl0MC7FQ,"Darkweb NOKIA flip phone from Bogota, Colombia - BW hotel parking lot footage - VID_0098","May 23, 2026",4,0
2026-05-19,awuHl0MC7FQ,"Darkweb NOKIA flip phone from Bogota, Colombia - BW hotel parking lot footage - VID_0098","May 23, 2026",4,0
2026-05-20,awuHl0MC7FQ,"Darkweb NOKIA flip phone from Bogota, Colombia - BW hotel parking lot footage - VID_0098","May 23, 2026",4,0
2026-05-21,awuHl0MC7FQ,"Darkweb NOKIA flip phone from Bogota, Colombia - BW hotel parking lot footage - VID_0098","May 23, 2026",4,0
2026-05-22,awuHl0MC7FQ,"Darkweb NOKIA flip phone from Bogota, Colombia - BW hotel parking lot footage - VID_0098","May 23, 2026",4,0
2026-05-23,awuHl0MC7FQ,"Darkweb NOKIA flip phone from Bogota, Colombia - BW hotel parking lot footage - VID_0098","May 23, 2026",4,212
2026-05-24,awuHl0MC7FQ,"Darkweb NOKIA flip phone from Bogota, Colombia - BW hotel parking lot footage - VID_0098","May 23, 2026",4,0
2026-04-27,gkli1TaQqg8,AndroidGo Illinois state government phone - ELKBLEDOM Bluetooth BLE device connections,"May 23, 2026",1086,0
2026-04-28,gkli1TaQqg8,AndroidGo Illinois state government phone - ELKBLEDOM Bluetooth BLE device connections,"May 23, 2026",1086,0
2026-04-29,gkli1TaQqg8,AndroidGo Illinois state government phone - ELKBLEDOM Bluetooth BLE device connections,"May 23, 2026",1086,0
2026-04-30,gkli1TaQqg8,AndroidGo Illinois state government phone - ELKBLEDOM Bluetooth BLE device connections,"May 23, 2026",1086,0
2026-05-01,gkli1TaQqg8,AndroidGo Illinois state government phone - ELKBLEDOM Bluetooth BLE device connections,"May 23, 2026",1086,0
2026-05-02,gkli1TaQqg8,AndroidGo Illinois state government phone - ELKBLEDOM Bluetooth BLE device connections,"May 23, 2026",1086,0
2026-05-03,gkli1TaQqg8,AndroidGo Illinois state government phone - ELKBLEDOM Bluetooth BLE device connections,"May 23, 2026",1086,0
2026-05-04,gkli1TaQqg8,AndroidGo Illinois state government phone - ELKBLEDOM Bluetooth BLE device connections,"May 23, 2026",1086,0
2026-05-05,gkli1TaQqg8,AndroidGo Illinois state government phone - ELKBLEDOM Bluetooth BLE device connections,"May 23, 2026",1086,0
2026-05-06,gkli1TaQqg8,AndroidGo Illinois state government phone - ELKBLEDOM Bluetooth BLE device connections,"May 23, 2026",1086,0
2026-05-07,gkli1TaQqg8,AndroidGo Illinois state government phone - ELKBLEDOM Bluetooth BLE device connections,"May 23, 2026",1086,0
2026-05-08,gkli1TaQqg8,AndroidGo Illinois state government phone - ELKBLEDOM Bluetooth BLE device connections,"May 23, 2026",1086,0
2026-05-09,gkli1TaQqg8,AndroidGo Illinois state government phone - ELKBLEDOM Bluetooth BLE device connections,"May 23, 2026",1086,0
2026-05-10,gkli1TaQqg8,AndroidGo Illinois state government phone - ELKBLEDOM Bluetooth BLE device connections,"May 23, 2026",1086,0
2026-05-11,gkli1TaQqg8,AndroidGo Illinois state government phone - ELKBLEDOM Bluetooth BLE device connections,"May 23, 2026",1086,0
2026-05-12,gkli1TaQqg8,AndroidGo Illinois state government phone - ELKBLEDOM Bluetooth BLE device connections,"May 23, 2026",1086,0
2026-05-13,gkli1TaQqg8,AndroidGo Illinois state government phone - ELKBLEDOM Bluetooth BLE device connections,"May 23, 2026",1086,0
2026-05-14,gkli1TaQqg8,AndroidGo Illinois state government phone - ELKBLEDOM Bluetooth BLE device connections,"May 23, 2026",1086,0
2026-05-15,gkli1TaQqg8,AndroidGo Illinois state government phone - ELKBLEDOM Bluetooth BLE device connections,"May 23, 2026",1086,0
2026-05-16,gkli1TaQqg8,AndroidGo Illinois state government phone - ELKBLEDOM Bluetooth BLE device connections,"May 23, 2026",1086,0
2026-05-17,gkli1TaQqg8,AndroidGo Illinois state government phone - ELKBLEDOM Bluetooth BLE device connections,"May 23, 2026",1086,0
2026-05-18,gkli1TaQqg8,AndroidGo Illinois state government phone - ELKBLEDOM Bluetooth BLE device connections,"May 23, 2026",1086,0
2026-05-19,gkli1TaQqg8,AndroidGo Illinois state government phone - ELKBLEDOM Bluetooth BLE device connections,"May 23, 2026",1086,0
2026-05-20,gkli1TaQqg8,AndroidGo Illinois state government phone - ELKBLEDOM Bluetooth BLE device connections,"May 23, 2026",1086,0
2026-05-21,gkli1TaQqg8,AndroidGo Illinois state government phone - ELKBLEDOM Bluetooth BLE device connections,"May 23, 2026",1086,0
2026-05-22,gkli1TaQqg8,AndroidGo Illinois state government phone - ELKBLEDOM Bluetooth BLE device connections,"May 23, 2026",1086,0
2026-05-23,gkli1TaQqg8,AndroidGo Illinois state government phone - ELKBLEDOM Bluetooth BLE device connections,"May 23, 2026",1086,19
2026-05-24,gkli1TaQqg8,AndroidGo Illinois state government phone - ELKBLEDOM Bluetooth BLE device connections,"May 23, 2026",1086,0
